name,rectangularity
AircraftBuoyant\m1337_06_fill_holes_and_orientation.obj,0.431199
AircraftBuoyant\m1338_06_fill_holes_and_orientation.obj,0.430271
AircraftBuoyant\m1339_06_fill_holes_and_orientation.obj,0.036458
AircraftBuoyant\m1340_06_fill_holes_and_orientation.obj,0.214441
AircraftBuoyant\m1341_06_fill_holes_and_orientation.obj,0.265785
AircraftBuoyant\m1342_06_fill_holes_and_orientation.obj,0.376356
AircraftBuoyant\m1343_06_fill_holes_and_orientation.obj,0.459920
AircraftBuoyant\m1344_06_fill_holes_and_orientation.obj,0.355382
AircraftBuoyant\m1345_06_fill_holes_and_orientation.obj,0.015345
AircraftBuoyant\m1346_06_fill_holes_and_orientation.obj,0.335271
AircraftBuoyant\m1347_06_fill_holes_and_orientation.obj,0.432263
AircraftBuoyant\m1348_06_fill_holes_and_orientation.obj,0.336831
AircraftBuoyant\m1349_06_fill_holes_and_orientation.obj,0.233309
AircraftBuoyant\m1350_06_fill_holes_and_orientation.obj,0.159285
AircraftBuoyant\m1351_06_fill_holes_and_orientation.obj,0.440559
AircraftBuoyant\m1352_06_fill_holes_and_orientation.obj,0.380287
Apartment\D00045_06_fill_holes_and_orientation.obj,0.242213
Apartment\D00086_06_fill_holes_and_orientation.obj,0.411335
Apartment\D00138_06_fill_holes_and_orientation.obj,0.154434
Apartment\D00156_06_fill_holes_and_orientation.obj,0.094063
Apartment\D00310_06_fill_holes_and_orientation.obj,0.091852
Apartment\D00348_06_fill_holes_and_orientation.obj,0.606529
Apartment\D00366_06_fill_holes_and_orientation.obj,0.290727
Apartment\D00478_06_fill_holes_and_orientation.obj,0.073069
Apartment\D00496_06_fill_holes_and_orientation.obj,0.534390
Apartment\D00626_06_fill_holes_and_orientation.obj,0.376573
Apartment\D00639_06_fill_holes_and_orientation.obj,0.399838
Apartment\D00651_06_fill_holes_and_orientation.obj,0.094158
Apartment\D00681_06_fill_holes_and_orientation.obj,0.321716
Apartment\D00780_06_fill_holes_and_orientation.obj,0.020216
Apartment\D00792_06_fill_holes_and_orientation.obj,0.353697
Apartment\D00859_06_fill_holes_and_orientation.obj,0.356150
Apartment\D00860_06_fill_holes_and_orientation.obj,0.084990
Apartment\D00869_06_fill_holes_and_orientation.obj,0.031340
Apartment\D00921_06_fill_holes_and_orientation.obj,0.359873
Apartment\D00953_06_fill_holes_and_orientation.obj,0.028195
Apartment\m463_06_fill_holes_and_orientation.obj,0.276817
Apartment\m464_06_fill_holes_and_orientation.obj,0.441266
Apartment\m465_06_fill_holes_and_orientation.obj,0.655947
AquaticAnimal\m53_06_fill_holes_and_orientation.obj,0.175672
AquaticAnimal\m54_06_fill_holes_and_orientation.obj,0.184030
AquaticAnimal\m55_06_fill_holes_and_orientation.obj,0.151201
AquaticAnimal\m56_06_fill_holes_and_orientation.obj,0.164147
AquaticAnimal\m57_06_fill_holes_and_orientation.obj,0.175813
AquaticAnimal\m58_06_fill_holes_and_orientation.obj,0.198764
AquaticAnimal\m59_06_fill_holes_and_orientation.obj,0.221453
AquaticAnimal\m60_06_fill_holes_and_orientation.obj,0.091753
AquaticAnimal\m61_06_fill_holes_and_orientation.obj,0.160196
AquaticAnimal\m62_06_fill_holes_and_orientation.obj,0.158657
AquaticAnimal\m63_06_fill_holes_and_orientation.obj,0.159058
AquaticAnimal\m64_06_fill_holes_and_orientation.obj,0.146981
AquaticAnimal\m65_06_fill_holes_and_orientation.obj,0.041397
AquaticAnimal\m66_06_fill_holes_and_orientation.obj,0.194514
AquaticAnimal\m67_06_fill_holes_and_orientation.obj,0.151664
AquaticAnimal\m68_06_fill_holes_and_orientation.obj,0.131310
AquaticAnimal\m69_06_fill_holes_and_orientation.obj,0.138418
AquaticAnimal\m70_06_fill_holes_and_orientation.obj,0.089347
AquaticAnimal\m71_06_fill_holes_and_orientation.obj,0.131412
AquaticAnimal\m72_06_fill_holes_and_orientation.obj,0.115428
AquaticAnimal\m73_06_fill_holes_and_orientation.obj,0.110231
AquaticAnimal\m75_06_fill_holes_and_orientation.obj,0.069236
AquaticAnimal\m76_06_fill_holes_and_orientation.obj,0.085225
AquaticAnimal\m77_06_fill_holes_and_orientation.obj,0.066915
AquaticAnimal\m78_06_fill_holes_and_orientation.obj,0.063174
AquaticAnimal\m79_06_fill_holes_and_orientation.obj,0.066048
AquaticAnimal\m80_06_fill_holes_and_orientation.obj,0.062992
AquaticAnimal\m81_06_fill_holes_and_orientation.obj,0.063920
Bed\D00031_06_fill_holes_and_orientation.obj,0.292745
Bed\D00110_06_fill_holes_and_orientation.obj,0.170812
Bed\D00121_06_fill_holes_and_orientation.obj,0.148011
Bed\D00184_06_fill_holes_and_orientation.obj,0.724933
Bed\D00210_06_fill_holes_and_orientation.obj,0.110879
Bed\D00213_06_fill_holes_and_orientation.obj,0.309982
Bed\D00217_06_fill_holes_and_orientation.obj,0.234282
Bed\D00307_06_fill_holes_and_orientation.obj,0.385802
Bed\D00322_06_fill_holes_and_orientation.obj,0.192955
Bed\D00417_06_fill_holes_and_orientation.obj,0.323701
Bed\D00538_06_fill_holes_and_orientation.obj,0.212825
Bed\D00545_06_fill_holes_and_orientation.obj,0.113285
Bed\D00552_06_fill_holes_and_orientation.obj,0.231726
Bed\D00565_06_fill_holes_and_orientation.obj,0.266225
Bed\D00650_06_fill_holes_and_orientation.obj,0.220666
Bed\D00735_06_fill_holes_and_orientation.obj,0.200634
Bed\D00836_06_fill_holes_and_orientation.obj,0.334492
Bed\D00839_06_fill_holes_and_orientation.obj,0.416133
Bed\D00969_06_fill_holes_and_orientation.obj,0.335898
Bed\D00988_06_fill_holes_and_orientation.obj,0.294548
Bed\m945_06_fill_holes_and_orientation.obj,0.193172
Bed\m946_06_fill_holes_and_orientation.obj,0.168899
Bed\m947_06_fill_holes_and_orientation.obj,0.135122
Bed\m948_06_fill_holes_and_orientation.obj,0.109962
Bed\m949_06_fill_holes_and_orientation.obj,0.169800
Bed\m950_06_fill_holes_and_orientation.obj,0.039594
Bed\m951_06_fill_holes_and_orientation.obj,0.351847
Bicycle\D00016_06_fill_holes_and_orientation.obj,0.009290
Bicycle\D00033_06_fill_holes_and_orientation.obj,0.013611
Bicycle\D00040_06_fill_holes_and_orientation.obj,0.032604
Bicycle\D00077_06_fill_holes_and_orientation.obj,0.009606
Bicycle\D00078_06_fill_holes_and_orientation.obj,0.010663
Bicycle\D00462_06_fill_holes_and_orientation.obj,0.006471
Bicycle\D00514_06_fill_holes_and_orientation.obj,0.035918
Bicycle\D00536_06_fill_holes_and_orientation.obj,0.008429
Bicycle\D00555_06_fill_holes_and_orientation.obj,0.041173
Bicycle\D00558_06_fill_holes_and_orientation.obj,0.021676
Bicycle\D00567_06_fill_holes_and_orientation.obj,0.010923
Bicycle\D00621_06_fill_holes_and_orientation.obj,0.009357
Bicycle\D00708_06_fill_holes_and_orientation.obj,0.013008
Bicycle\D00750_06_fill_holes_and_orientation.obj,0.021866
Bicycle\D00838_06_fill_holes_and_orientation.obj,0.012880
Bicycle\D00847_06_fill_holes_and_orientation.obj,0.010666
Bicycle\D00904_06_fill_holes_and_orientation.obj,0.013707
Bicycle\D00930_06_fill_holes_and_orientation.obj,0.014558
Bicycle\D00931_06_fill_holes_and_orientation.obj,0.012605
Bicycle\D00974_06_fill_holes_and_orientation.obj,0.027954
Bicycle\m1472_06_fill_holes_and_orientation.obj,0.007479
Bicycle\m1473_06_fill_holes_and_orientation.obj,0.011337
Bicycle\m1475_06_fill_holes_and_orientation.obj,0.028375
Bicycle\m1476_06_fill_holes_and_orientation.obj,0.010923
Bicycle\m1477_06_fill_holes_and_orientation.obj,0.010666
Bicycle\m1478_06_fill_holes_and_orientation.obj,0.009327
Biplane\D00069_06_fill_holes_and_orientation.obj,0.029025
Biplane\D00132_06_fill_holes_and_orientation.obj,0.042094
Biplane\D00178_06_fill_holes_and_orientation.obj,0.002254
Biplane\D00199_06_fill_holes_and_orientation.obj,0.021124
Biplane\D00246_06_fill_holes_and_orientation.obj,0.012318
Biplane\D00276_06_fill_holes_and_orientation.obj,0.059057
Biplane\D00277_06_fill_holes_and_orientation.obj,0.017737
Biplane\D00320_06_fill_holes_and_orientation.obj,0.029527
Biplane\D00373_06_fill_holes_and_orientation.obj,0.028938
Biplane\D00410_06_fill_holes_and_orientation.obj,0.073388
Biplane\D00490_06_fill_holes_and_orientation.obj,0.020078
Biplane\D00515_06_fill_holes_and_orientation.obj,0.050295
Biplane\D00601_06_fill_holes_and_orientation.obj,0.068796
Biplane\D00616_06_fill_holes_and_orientation.obj,0.022052
Biplane\D00632_06_fill_holes_and_orientation.obj,0.043320
Biplane\D00634_06_fill_holes_and_orientation.obj,0.031730
Biplane\D00666_06_fill_holes_and_orientation.obj,0.063225
Biplane\D00854_06_fill_holes_and_orientation.obj,0.014187
Biplane\D00890_06_fill_holes_and_orientation.obj,0.011356
Biplane\D00900_06_fill_holes_and_orientation.obj,0.027689
Biplane\m1118_06_fill_holes_and_orientation.obj,0.013133
Biplane\m1119_06_fill_holes_and_orientation.obj,0.040356
Biplane\m1120_06_fill_holes_and_orientation.obj,0.017043
Biplane\m1121_06_fill_holes_and_orientation.obj,0.030720
Biplane\m1122_06_fill_holes_and_orientation.obj,0.032475
Biplane\m1123_06_fill_holes_and_orientation.obj,0.042117
Biplane\m1124_06_fill_holes_and_orientation.obj,0.042149
Biplane\m1125_06_fill_holes_and_orientation.obj,0.061489
Biplane\m1126_06_fill_holes_and_orientation.obj,0.053884
Biplane\m1127_06_fill_holes_and_orientation.obj,0.060550
Biplane\m1128_06_fill_holes_and_orientation.obj,0.058965
Biplane\m1129_06_fill_holes_and_orientation.obj,0.037465
Biplane\m1131_06_fill_holes_and_orientation.obj,0.058471
Biplane\m1132_06_fill_holes_and_orientation.obj,0.043057
Biplane\m1133_06_fill_holes_and_orientation.obj,0.043319
Biplane\m1134_06_fill_holes_and_orientation.obj,0.036283
Biplane\m1135_06_fill_holes_and_orientation.obj,0.064539
Biplane\m1136_06_fill_holes_and_orientation.obj,0.019423
Biplane\m1137_06_fill_holes_and_orientation.obj,0.052109
Biplane\m1138_06_fill_holes_and_orientation.obj,0.039685
Biplane\m1139_06_fill_holes_and_orientation.obj,0.024144
Biplane\m1141_06_fill_holes_and_orientation.obj,0.032428
Biplane\m1143_06_fill_holes_and_orientation.obj,0.029748
Biplane\m1144_06_fill_holes_and_orientation.obj,0.028786
Biplane\m1146_06_fill_holes_and_orientation.obj,0.042627
Bird\D00089_06_fill_holes_and_orientation.obj,0.023049
Bird\D00113_06_fill_holes_and_orientation.obj,0.097745
Bird\D00164_06_fill_holes_and_orientation.obj,0.031949
Bird\D00234_06_fill_holes_and_orientation.obj,0.031645
Bird\D00271_06_fill_holes_and_orientation.obj,0.018146
Bird\D00284_06_fill_holes_and_orientation.obj,0.029850
Bird\D00323_06_fill_holes_and_orientation.obj,0.044284
Bird\D00386_06_fill_holes_and_orientation.obj,0.094380
Bird\D00438_06_fill_holes_and_orientation.obj,0.031103
Bird\D00442_06_fill_holes_and_orientation.obj,0.025147
Bird\D00546_06_fill_holes_and_orientation.obj,0.042452
Bird\D00599_06_fill_holes_and_orientation.obj,0.025825
Bird\D00625_06_fill_holes_and_orientation.obj,0.007348
Bird\D00689_06_fill_holes_and_orientation.obj,0.016506
Bird\D00736_06_fill_holes_and_orientation.obj,0.033790
Bird\D00762_06_fill_holes_and_orientation.obj,0.025880
Bird\D00862_06_fill_holes_and_orientation.obj,0.032892
Bird\D00922_06_fill_holes_and_orientation.obj,0.026479
Bird\D00961_06_fill_holes_and_orientation.obj,0.027807
Bird\D00999_06_fill_holes_and_orientation.obj,0.041841
Bird\m28_06_fill_holes_and_orientation.obj,0.056238
Bird\m29_06_fill_holes_and_orientation.obj,0.108232
Bird\m30_06_fill_holes_and_orientation.obj,0.086539
Bird\m31_06_fill_holes_and_orientation.obj,0.322220
Bird\m32_06_fill_holes_and_orientation.obj,0.142388
Bird\m33_06_fill_holes_and_orientation.obj,0.126029
Bird\m34_06_fill_holes_and_orientation.obj,0.024844
Bird\m35_06_fill_holes_and_orientation.obj,0.153071
Bird\m36_06_fill_holes_and_orientation.obj,0.065740
Bird\m37_06_fill_holes_and_orientation.obj,0.030515
Bird\m38_06_fill_holes_and_orientation.obj,0.041863
Bird\m39_06_fill_holes_and_orientation.obj,0.054455
Bird\m40_06_fill_holes_and_orientation.obj,0.018318
Bird\m41_06_fill_holes_and_orientation.obj,0.031241
Bird\m43_06_fill_holes_and_orientation.obj,0.004462
Bird\m44_06_fill_holes_and_orientation.obj,0.028803
Bird\m45_06_fill_holes_and_orientation.obj,0.030096
Bird\m47_06_fill_holes_and_orientation.obj,0.028093
Bird\m48_06_fill_holes_and_orientation.obj,0.304960
Bird\m49_06_fill_holes_and_orientation.obj,0.318724
Bird\m50_06_fill_holes_and_orientation.obj,0.261946
Bird\m51_06_fill_holes_and_orientation.obj,0.302180
Bird\m52_06_fill_holes_and_orientation.obj,0.172814
Bookset\D01009_06_fill_holes_and_orientation.obj,0.404091
Bookset\D01013_06_fill_holes_and_orientation.obj,0.505376
Bookset\D01030_06_fill_holes_and_orientation.obj,0.286100
Bookset\D01038_06_fill_holes_and_orientation.obj,0.448755
Bookset\D01042_06_fill_holes_and_orientation.obj,0.041933
Bookset\D01050_06_fill_holes_and_orientation.obj,0.313046
Bookset\D01065_06_fill_holes_and_orientation.obj,0.512748
Bookset\D01078_06_fill_holes_and_orientation.obj,0.048887
Bookset\D01096_06_fill_holes_and_orientation.obj,0.206204
Bookset\D01108_06_fill_holes_and_orientation.obj,1.006634
Bookset\D01109_06_fill_holes_and_orientation.obj,0.024470
Bookset\D01110_06_fill_holes_and_orientation.obj,0.452128
Bookset\D01122_06_fill_holes_and_orientation.obj,0.251126
Bookset\D01135_06_fill_holes_and_orientation.obj,0.331258
Bookset\D01146_06_fill_holes_and_orientation.obj,0.370338
Bookset\D01182_06_fill_holes_and_orientation.obj,0.208799
Bookset\D01183_06_fill_holes_and_orientation.obj,0.495637
Bookset\D01184_06_fill_holes_and_orientation.obj,0.476388
Bookset\D01190_06_fill_holes_and_orientation.obj,0.791291
Bookset\D01199_06_fill_holes_and_orientation.obj,0.322237
Bottle\D00020_06_fill_holes_and_orientation.obj,0.511674
Bottle\D00123_06_fill_holes_and_orientation.obj,0.468647
Bottle\D00139_06_fill_holes_and_orientation.obj,0.231421
Bottle\D00166_06_fill_holes_and_orientation.obj,1.011904
Bottle\D00176_06_fill_holes_and_orientation.obj,0.007998
Bottle\D00208_06_fill_holes_and_orientation.obj,0.184286
Bottle\D00281_06_fill_holes_and_orientation.obj,0.777641
Bottle\D00311_06_fill_holes_and_orientation.obj,0.566098
Bottle\D00347_06_fill_holes_and_orientation.obj,0.813072
Bottle\D00350_06_fill_holes_and_orientation.obj,0.485355
Bottle\D00390_06_fill_holes_and_orientation.obj,0.173243
Bottle\D00451_06_fill_holes_and_orientation.obj,1.102534
Bottle\D00679_06_fill_holes_and_orientation.obj,0.147709
Bottle\D00696_06_fill_holes_and_orientation.obj,1.024527
Bottle\D00711_06_fill_holes_and_orientation.obj,0.601374
Bottle\D00716_06_fill_holes_and_orientation.obj,0.684383
Bottle\D00726_06_fill_holes_and_orientation.obj,0.612580
Bottle\D00892_06_fill_holes_and_orientation.obj,0.897582
Bottle\D00940_06_fill_holes_and_orientation.obj,0.665098
Bottle\D00959_06_fill_holes_and_orientation.obj,0.339392
Bottle\m482_06_fill_holes_and_orientation.obj,0.180771
Bottle\m483_06_fill_holes_and_orientation.obj,0.549339
Bottle\m484_06_fill_holes_and_orientation.obj,0.553634
Bottle\m485_06_fill_holes_and_orientation.obj,0.160090
Bottle\m486_06_fill_holes_and_orientation.obj,0.694624
Bottle\m488_06_fill_holes_and_orientation.obj,0.586073
Bottle\m489_06_fill_holes_and_orientation.obj,0.587435
Bottle\m490_06_fill_holes_and_orientation.obj,0.861977
Bottle\m491_06_fill_holes_and_orientation.obj,0.431813
Bottle\m492_06_fill_holes_and_orientation.obj,0.419119
BuildingNonResidential\m382_06_fill_holes_and_orientation.obj,0.092011
BuildingNonResidential\m383_06_fill_holes_and_orientation.obj,0.147704
BuildingNonResidential\m384_06_fill_holes_and_orientation.obj,0.037368
BuildingNonResidential\m385_06_fill_holes_and_orientation.obj,0.115235
BuildingNonResidential\m386_06_fill_holes_and_orientation.obj,0.091115
BuildingNonResidential\m387_06_fill_holes_and_orientation.obj,0.019652
BuildingNonResidential\m389_06_fill_holes_and_orientation.obj,0.106062
BuildingNonResidential\m390_06_fill_holes_and_orientation.obj,0.115717
BuildingNonResidential\m391_06_fill_holes_and_orientation.obj,0.167820
BuildingNonResidential\m392_06_fill_holes_and_orientation.obj,0.063230
BuildingNonResidential\m393_06_fill_holes_and_orientation.obj,0.113409
BuildingNonResidential\m394_06_fill_holes_and_orientation.obj,0.039139
BuildingNonResidential\m395_06_fill_holes_and_orientation.obj,0.177121
BuildingNonResidential\m396_06_fill_holes_and_orientation.obj,0.061194
BuildingNonResidential\m397_06_fill_holes_and_orientation.obj,0.104727
BuildingNonResidential\m398_06_fill_holes_and_orientation.obj,0.501438
BuildingNonResidential\m399_06_fill_holes_and_orientation.obj,0.181598
BuildingNonResidential\m400_06_fill_holes_and_orientation.obj,0.051495
BuildingNonResidential\m401_06_fill_holes_and_orientation.obj,0.038842
BuildingNonResidential\m402_06_fill_holes_and_orientation.obj,0.294911
BuildingNonResidential\m404_06_fill_holes_and_orientation.obj,0.164220
BuildingNonResidential\m405_06_fill_holes_and_orientation.obj,0.169100
BuildingNonResidential\m406_06_fill_holes_and_orientation.obj,0.082056
BuildingNonResidential\m407_06_fill_holes_and_orientation.obj,0.059763
BuildingNonResidential\m408_06_fill_holes_and_orientation.obj,0.630087
BuildingNonResidential\m409_06_fill_holes_and_orientation.obj,0.053736
BuildingNonResidential\m410_06_fill_holes_and_orientation.obj,0.083264
BuildingNonResidential\m412_06_fill_holes_and_orientation.obj,0.019375
BuildingNonResidential\m413_06_fill_holes_and_orientation.obj,0.174200
BuildingNonResidential\m414_06_fill_holes_and_orientation.obj,0.079452
BuildingNonResidential\m415_06_fill_holes_and_orientation.obj,0.173614
BuildingNonResidential\m416_06_fill_holes_and_orientation.obj,0.508052
BuildingNonResidential\m418_06_fill_holes_and_orientation.obj,0.171729
BuildingNonResidential\m420_06_fill_holes_and_orientation.obj,0.275727
BuildingNonResidential\m421_06_fill_holes_and_orientation.obj,0.236036
BuildingNonResidential\m470_06_fill_holes_and_orientation.obj,0.094690
BuildingNonResidential\m472_06_fill_holes_and_orientation.obj,0.177523
BuildingNonResidential\m474_06_fill_holes_and_orientation.obj,0.021729
BuildingNonResidential\m477_06_fill_holes_and_orientation.obj,0.002819
BuildingNonResidential\m478_06_fill_holes_and_orientation.obj,0.000613
BuildingNonResidential\m479_06_fill_holes_and_orientation.obj,0.006461
BuildingNonResidential\m481_06_fill_holes_and_orientation.obj,0.000575
Bus\D00084_06_fill_holes_and_orientation.obj,0.209191
Bus\D00114_06_fill_holes_and_orientation.obj,0.271201
Bus\D00151_06_fill_holes_and_orientation.obj,0.109802
Bus\D00179_06_fill_holes_and_orientation.obj,0.453838
Bus\D00182_06_fill_holes_and_orientation.obj,0.468763
Bus\D00264_06_fill_holes_and_orientation.obj,0.424606
Bus\D00411_06_fill_holes_and_orientation.obj,0.263009
Bus\D00436_06_fill_holes_and_orientation.obj,0.488339
Bus\D00446_06_fill_holes_and_orientation.obj,0.475381
Bus\D00448_06_fill_holes_and_orientation.obj,0.199352
Bus\D00483_06_fill_holes_and_orientation.obj,0.508226
Bus\D00516_06_fill_holes_and_orientation.obj,0.541367
Bus\D00677_06_fill_holes_and_orientation.obj,0.225764
Bus\D00754_06_fill_holes_and_orientation.obj,0.216382
Bus\D00769_06_fill_holes_and_orientation.obj,0.225988
Bus\D00775_06_fill_holes_and_orientation.obj,0.086369
Bus\D00815_06_fill_holes_and_orientation.obj,0.463147
Bus\D00823_06_fill_holes_and_orientation.obj,0.230313
Bus\D00832_06_fill_holes_and_orientation.obj,0.363936
Bus\D00857_06_fill_holes_and_orientation.obj,0.371011
Car\D00168_06_fill_holes_and_orientation.obj,0.257745
Car\D00236_06_fill_holes_and_orientation.obj,0.335302
Car\D00260_06_fill_holes_and_orientation.obj,0.210224
Car\D00265_06_fill_holes_and_orientation.obj,0.126813
Car\D00299_06_fill_holes_and_orientation.obj,0.464624
Car\D00377_06_fill_holes_and_orientation.obj,0.439060
Car\D00405_06_fill_holes_and_orientation.obj,0.311302
Car\D00452_06_fill_holes_and_orientation.obj,0.298939
Car\D00504_06_fill_holes_and_orientation.obj,0.263715
Car\D00541_06_fill_holes_and_orientation.obj,0.052661
Car\D00618_06_fill_holes_and_orientation.obj,0.407112
Car\D00670_06_fill_holes_and_orientation.obj,0.072879
Car\D00671_06_fill_holes_and_orientation.obj,0.541250
Car\D00724_06_fill_holes_and_orientation.obj,0.127714
Car\D00767_06_fill_holes_and_orientation.obj,0.427174
Car\D00785_06_fill_holes_and_orientation.obj,0.065630
Car\D00793_06_fill_holes_and_orientation.obj,0.466997
Car\D00803_06_fill_holes_and_orientation.obj,0.281348
Car\D00865_06_fill_holes_and_orientation.obj,0.448610
Car\D00976_06_fill_holes_and_orientation.obj,0.265201
Car\m1485_06_fill_holes_and_orientation.obj,0.368027
Car\m1486_06_fill_holes_and_orientation.obj,0.423926
Car\m1487_06_fill_holes_and_orientation.obj,0.250433
Car\m1488_06_fill_holes_and_orientation.obj,0.180479
Car\m1489_06_fill_holes_and_orientation.obj,0.329797
Car\m1490_06_fill_holes_and_orientation.obj,0.177908
Car\m1492_06_fill_holes_and_orientation.obj,0.078720
Car\m1495_06_fill_holes_and_orientation.obj,0.288785
Car\m1496_06_fill_holes_and_orientation.obj,0.293933
Car\m1497_06_fill_holes_and_orientation.obj,0.278361
Car\m1498_06_fill_holes_and_orientation.obj,0.205769
Car\m1499_06_fill_holes_and_orientation.obj,0.152411
Car\m1500_06_fill_holes_and_orientation.obj,0.337574
Car\m1502_06_fill_holes_and_orientation.obj,0.084148
Car\m1503_06_fill_holes_and_orientation.obj,0.090602
Car\m1504_06_fill_holes_and_orientation.obj,0.159359
Car\m1505_06_fill_holes_and_orientation.obj,0.229383
Car\m1506_06_fill_holes_and_orientation.obj,0.169387
Car\m1507_06_fill_holes_and_orientation.obj,0.139191
Car\m1508_06_fill_holes_and_orientation.obj,0.172763
Car\m1509_06_fill_holes_and_orientation.obj,0.088156
Car\m1510_06_fill_holes_and_orientation.obj,0.198977
Car\m1511_06_fill_holes_and_orientation.obj,0.125963
Car\m1512_06_fill_holes_and_orientation.obj,0.219561
Car\m1513_06_fill_holes_and_orientation.obj,0.131690
Car\m1514_06_fill_holes_and_orientation.obj,0.171542
Car\m1515_06_fill_holes_and_orientation.obj,0.174835
Car\m1516_06_fill_holes_and_orientation.obj,0.427242
Car\m1517_06_fill_holes_and_orientation.obj,0.240147
Car\m1518_06_fill_holes_and_orientation.obj,0.446669
Car\m1519_06_fill_holes_and_orientation.obj,0.451133
Car\m1521_06_fill_holes_and_orientation.obj,0.406160
Car\m1522_06_fill_holes_and_orientation.obj,0.429982
Car\m1523_06_fill_holes_and_orientation.obj,0.444832
Car\m1524_06_fill_holes_and_orientation.obj,0.461125
Car\m1525_06_fill_holes_and_orientation.obj,0.224173
Car\m1526_06_fill_holes_and_orientation.obj,0.449033
Car\m1527_06_fill_holes_and_orientation.obj,0.344542
Car\m1528_06_fill_holes_and_orientation.obj,0.502316
Car\m1529_06_fill_holes_and_orientation.obj,0.424535
Car\m1530_06_fill_holes_and_orientation.obj,0.349194
Car\m1531_06_fill_holes_and_orientation.obj,0.497312
Car\m1532_06_fill_holes_and_orientation.obj,0.424148
Car\m1533_06_fill_holes_and_orientation.obj,0.484946
Car\m1535_06_fill_holes_and_orientation.obj,0.347083
Car\m1536_06_fill_holes_and_orientation.obj,0.540572
Car\m1538_06_fill_holes_and_orientation.obj,0.444917
Car\m1539_06_fill_holes_and_orientation.obj,0.439065
Car\m1540_06_fill_holes_and_orientation.obj,0.462157
Car\m1542_06_fill_holes_and_orientation.obj,0.309895
Car\m1543_06_fill_holes_and_orientation.obj,0.177860
Car\m1544_06_fill_holes_and_orientation.obj,0.144061
Car\m1545_06_fill_holes_and_orientation.obj,0.592790
Car\m1546_06_fill_holes_and_orientation.obj,0.349347
Car\m1547_06_fill_holes_and_orientation.obj,0.356226
Car\m1548_06_fill_holes_and_orientation.obj,0.592790
Car\m1550_06_fill_holes_and_orientation.obj,0.269759
Car\m1551_06_fill_holes_and_orientation.obj,0.504740
Car\m1552_06_fill_holes_and_orientation.obj,0.407711
Car\m1553_06_fill_holes_and_orientation.obj,0.029721
Car\m1555_06_fill_holes_and_orientation.obj,0.195339
Car\m1556_06_fill_holes_and_orientation.obj,0.137018
Car\m1557_06_fill_holes_and_orientation.obj,0.410694
Car\m1558_06_fill_holes_and_orientation.obj,0.115400
Car\m1559_06_fill_holes_and_orientation.obj,0.074417
Car\m1560_06_fill_holes_and_orientation.obj,0.137048
Car\m1561_06_fill_holes_and_orientation.obj,0.190096
Car\m1562_06_fill_holes_and_orientation.obj,0.147149
Car\m1563_06_fill_holes_and_orientation.obj,0.298680
Cellphone\D00018_06_fill_holes_and_orientation.obj,0.425621
Cellphone\D00032_06_fill_holes_and_orientation.obj,0.592057
Cellphone\D00079_06_fill_holes_and_orientation.obj,0.943806
Cellphone\D00152_06_fill_holes_and_orientation.obj,0.732776
Cellphone\D00192_06_fill_holes_and_orientation.obj,0.777950
Cellphone\D00248_06_fill_holes_and_orientation.obj,0.393023
Cellphone\D00312_06_fill_holes_and_orientation.obj,0.085313
Cellphone\D00327_06_fill_holes_and_orientation.obj,0.630806
Cellphone\D00362_06_fill_holes_and_orientation.obj,0.845928
Cellphone\D00369_06_fill_holes_and_orientation.obj,0.550713
Cellphone\D00440_06_fill_holes_and_orientation.obj,0.442504
Cellphone\D00527_06_fill_holes_and_orientation.obj,0.765456
Cellphone\D00542_06_fill_holes_and_orientation.obj,0.445247
Cellphone\D00554_06_fill_holes_and_orientation.obj,0.605744
Cellphone\D00559_06_fill_holes_and_orientation.obj,0.081418
Cellphone\D00817_06_fill_holes_and_orientation.obj,0.825508
Cellphone\D00848_06_fill_holes_and_orientation.obj,0.513412
Cellphone\D00902_06_fill_holes_and_orientation.obj,0.609987
Cellphone\D00979_06_fill_holes_and_orientation.obj,0.010020
Cellphone\D00997_06_fill_holes_and_orientation.obj,0.571858
Chess\D01017_06_fill_holes_and_orientation.obj,0.328942
Chess\D01019_06_fill_holes_and_orientation.obj,0.245203
Chess\D01021_06_fill_holes_and_orientation.obj,0.279806
Chess\D01043_06_fill_holes_and_orientation.obj,0.245969
Chess\D01045_06_fill_holes_and_orientation.obj,0.237392
Chess\D01049_06_fill_holes_and_orientation.obj,0.287966
Chess\D01053_06_fill_holes_and_orientation.obj,0.226426
Chess\D01080_06_fill_holes_and_orientation.obj,0.179995
Chess\D01081_06_fill_holes_and_orientation.obj,0.210802
Chess\D01099_06_fill_holes_and_orientation.obj,0.146267
Chess\D01105_06_fill_holes_and_orientation.obj,0.234162
Chess\D01112_06_fill_holes_and_orientation.obj,0.178569
Chess\D01123_06_fill_holes_and_orientation.obj,0.245365
Chess\D01126_06_fill_holes_and_orientation.obj,0.286637
Chess\D01130_06_fill_holes_and_orientation.obj,0.222419
Chess\D01138_06_fill_holes_and_orientation.obj,0.253437
Chess\D01145_06_fill_holes_and_orientation.obj,0.241553
Chess\D01171_06_fill_holes_and_orientation.obj,0.219909
Chess\D01186_06_fill_holes_and_orientation.obj,0.268128
Chess\D01188_06_fill_holes_and_orientation.obj,0.184987
Chess\m1589_06_fill_holes_and_orientation.obj,0.043056
Chess\m1591_06_fill_holes_and_orientation.obj,0.081625
Chess\m1593_06_fill_holes_and_orientation.obj,0.154689
Chess\m1595_06_fill_holes_and_orientation.obj,0.066014
Chess\m1596_06_fill_holes_and_orientation.obj,0.226205
Chess\m1598_06_fill_holes_and_orientation.obj,0.180101
Chess\m1599_06_fill_holes_and_orientation.obj,0.178209
Chess\m1600_06_fill_holes_and_orientation.obj,0.240599
Chess\m1601_06_fill_holes_and_orientation.obj,0.210905
Chess\m1602_06_fill_holes_and_orientation.obj,0.242883
Chess\m1603_06_fill_holes_and_orientation.obj,0.248055
Chess\m1604_06_fill_holes_and_orientation.obj,0.299381
Chess\m1605_06_fill_holes_and_orientation.obj,0.271812
Chess\m1606_06_fill_holes_and_orientation.obj,0.146267
Chess\m1607_06_fill_holes_and_orientation.obj,0.285458
Chess\m1608_06_fill_holes_and_orientation.obj,0.189464
Chess\m1609_06_fill_holes_and_orientation.obj,0.268129
Chess\m1610_06_fill_holes_and_orientation.obj,0.222181
Chess\m1611_06_fill_holes_and_orientation.obj,0.278885
Chess\m1612_06_fill_holes_and_orientation.obj,0.219863
Chess\m1613_06_fill_holes_and_orientation.obj,0.234827
Chess\m1614_06_fill_holes_and_orientation.obj,0.236369
City\D01001_06_fill_holes_and_orientation.obj,0.052213
City\D01007_06_fill_holes_and_orientation.obj,0.028827
City\D01010_06_fill_holes_and_orientation.obj,0.055315
City\D01018_06_fill_holes_and_orientation.obj,0.078700
City\D01039_06_fill_holes_and_orientation.obj,0.030441
City\D01056_06_fill_holes_and_orientation.obj,0.044719
City\D01066_06_fill_holes_and_orientation.obj,0.034444
City\D01068_06_fill_holes_and_orientation.obj,0.077069
City\D01079_06_fill_holes_and_orientation.obj,0.038283
City\D01090_06_fill_holes_and_orientation.obj,0.076809
City\D01091_06_fill_holes_and_orientation.obj,0.023035
City\D01092_06_fill_holes_and_orientation.obj,0.028028
City\D01101_06_fill_holes_and_orientation.obj,0.009405
City\D01103_06_fill_holes_and_orientation.obj,0.037232
City\D01124_06_fill_holes_and_orientation.obj,0.076230
City\D01133_06_fill_holes_and_orientation.obj,0.038910
City\D01173_06_fill_holes_and_orientation.obj,0.015112
City\D01181_06_fill_holes_and_orientation.obj,0.060451
City\D01192_06_fill_holes_and_orientation.obj,0.086120
City\D01195_06_fill_holes_and_orientation.obj,0.017993
City\m1652_06_fill_holes_and_orientation.obj,0.037233
City\m1654_06_fill_holes_and_orientation.obj,0.071534
City\m1659_06_fill_holes_and_orientation.obj,0.038812
City\m1660_06_fill_holes_and_orientation.obj,0.015112
City\m1661_06_fill_holes_and_orientation.obj,0.029557
City\m1662_06_fill_holes_and_orientation.obj,0.038283
City\m1664_06_fill_holes_and_orientation.obj,0.055550
ClassicPiano\D00005_06_fill_holes_and_orientation.obj,0.115871
ClassicPiano\D00009_06_fill_holes_and_orientation.obj,0.070397
ClassicPiano\D00034_06_fill_holes_and_orientation.obj,0.194022
ClassicPiano\D00092_06_fill_holes_and_orientation.obj,0.079778
ClassicPiano\D00120_06_fill_holes_and_orientation.obj,0.067007
ClassicPiano\D00190_06_fill_holes_and_orientation.obj,0.118192
ClassicPiano\D00233_06_fill_holes_and_orientation.obj,0.053191
ClassicPiano\D00254_06_fill_holes_and_orientation.obj,0.025895
ClassicPiano\D00279_06_fill_holes_and_orientation.obj,0.078479
ClassicPiano\D00305_06_fill_holes_and_orientation.obj,0.094445
ClassicPiano\D00314_06_fill_holes_and_orientation.obj,0.063225
ClassicPiano\D00561_06_fill_holes_and_orientation.obj,0.051917
ClassicPiano\D00579_06_fill_holes_and_orientation.obj,0.052004
ClassicPiano\D00605_06_fill_holes_and_orientation.obj,0.016434
ClassicPiano\D00784_06_fill_holes_and_orientation.obj,0.053073
ClassicPiano\D00789_06_fill_holes_and_orientation.obj,0.013212
ClassicPiano\D00811_06_fill_holes_and_orientation.obj,0.019092
ClassicPiano\D00845_06_fill_holes_and_orientation.obj,0.065008
ClassicPiano\D00967_06_fill_holes_and_orientation.obj,0.153567
ClassicPiano\D00983_06_fill_holes_and_orientation.obj,0.107451
Computer\D01002_06_fill_holes_and_orientation.obj,0.090900
Computer\D01023_06_fill_holes_and_orientation.obj,0.051682
Computer\D01026_06_fill_holes_and_orientation.obj,0.118463
Computer\D01028_06_fill_holes_and_orientation.obj,0.145976
Computer\D01033_06_fill_holes_and_orientation.obj,0.148550
Computer\D01037_06_fill_holes_and_orientation.obj,0.244388
Computer\D01067_06_fill_holes_and_orientation.obj,0.146444
Computer\D01070_06_fill_holes_and_orientation.obj,0.370795
Computer\D01071_06_fill_holes_and_orientation.obj,0.200182
Computer\D01072_06_fill_holes_and_orientation.obj,0.139390
Computer\D01073_06_fill_holes_and_orientation.obj,0.194278
Computer\D01082_06_fill_holes_and_orientation.obj,0.225287
Computer\D01085_06_fill_holes_and_orientation.obj,0.512240
Computer\D01098_06_fill_holes_and_orientation.obj,0.162851
Computer\D01100_06_fill_holes_and_orientation.obj,0.149977
Computer\D01102_06_fill_holes_and_orientation.obj,0.111875
Computer\D01115_06_fill_holes_and_orientation.obj,0.161829
Computer\D01128_06_fill_holes_and_orientation.obj,0.187959
Computer\D01164_06_fill_holes_and_orientation.obj,0.174508
Computer\D01185_06_fill_holes_and_orientation.obj,0.137992
Computer\m1764_06_fill_holes_and_orientation.obj,0.162850
Computer\m1765_06_fill_holes_and_orientation.obj,0.134652
Computer\m1766_06_fill_holes_and_orientation.obj,0.179041
Computer\m1767_06_fill_holes_and_orientation.obj,0.099250
Computer\m1769_06_fill_holes_and_orientation.obj,0.512240
Computer\m1770_06_fill_holes_and_orientation.obj,0.149849
Computer\m1772_06_fill_holes_and_orientation.obj,0.188711
Computer\m1773_06_fill_holes_and_orientation.obj,0.145976
Computer\m1774_06_fill_holes_and_orientation.obj,0.147543
Computer\m1775_06_fill_holes_and_orientation.obj,0.129630
Computer\m1776_06_fill_holes_and_orientation.obj,0.136644
Computer\m1777_06_fill_holes_and_orientation.obj,0.146250
Computer\m1778_06_fill_holes_and_orientation.obj,0.140674
ComputerKeyboard\D00116_06_fill_holes_and_orientation.obj,0.424236
ComputerKeyboard\D00127_06_fill_holes_and_orientation.obj,0.668527
ComputerKeyboard\D00197_06_fill_holes_and_orientation.obj,0.601023
ComputerKeyboard\D00278_06_fill_holes_and_orientation.obj,0.300215
ComputerKeyboard\D00360_06_fill_holes_and_orientation.obj,0.376066
ComputerKeyboard\D00382_06_fill_holes_and_orientation.obj,0.420993
ComputerKeyboard\D00420_06_fill_holes_and_orientation.obj,0.075242
ComputerKeyboard\D00493_06_fill_holes_and_orientation.obj,0.384751
ComputerKeyboard\D00525_06_fill_holes_and_orientation.obj,0.471048
ComputerKeyboard\D00569_06_fill_holes_and_orientation.obj,0.534213
ComputerKeyboard\D00597_06_fill_holes_and_orientation.obj,0.413910
ComputerKeyboard\D00600_06_fill_holes_and_orientation.obj,0.064920
ComputerKeyboard\D00627_06_fill_holes_and_orientation.obj,0.244264
ComputerKeyboard\D00654_06_fill_holes_and_orientation.obj,0.298371
ComputerKeyboard\D00673_06_fill_holes_and_orientation.obj,0.058186
ComputerKeyboard\D00676_06_fill_holes_and_orientation.obj,0.389790
ComputerKeyboard\D00692_06_fill_holes_and_orientation.obj,0.471151
ComputerKeyboard\D00805_06_fill_holes_and_orientation.obj,0.550258
ComputerKeyboard\D00905_06_fill_holes_and_orientation.obj,0.618105
ComputerKeyboard\D00990_06_fill_holes_and_orientation.obj,0.224395
Cup\D00035_06_fill_holes_and_orientation.obj,0.181081
Cup\D00067_06_fill_holes_and_orientation.obj,0.050881
Cup\D00174_06_fill_holes_and_orientation.obj,0.059674
Cup\D00206_06_fill_holes_and_orientation.obj,0.018935
Cup\D00214_06_fill_holes_and_orientation.obj,0.031844
Cup\D00270_06_fill_holes_and_orientation.obj,0.093561
Cup\D00328_06_fill_holes_and_orientation.obj,0.121712
Cup\D00355_06_fill_holes_and_orientation.obj,0.062504
Cup\D00363_06_fill_holes_and_orientation.obj,0.037272
Cup\D00457_06_fill_holes_and_orientation.obj,0.057112
Cup\D00463_06_fill_holes_and_orientation.obj,0.045829
Cup\D00519_06_fill_holes_and_orientation.obj,0.181502
Cup\D00550_06_fill_holes_and_orientation.obj,0.060658
Cup\D00587_06_fill_holes_and_orientation.obj,0.071509
Cup\D00638_06_fill_holes_and_orientation.obj,0.074773
Cup\D00642_06_fill_holes_and_orientation.obj,0.140706
Cup\D00738_06_fill_holes_and_orientation.obj,0.274352
Cup\D00843_06_fill_holes_and_orientation.obj,0.156072
Cup\D00874_06_fill_holes_and_orientation.obj,0.042246
Cup\D00882_06_fill_holes_and_orientation.obj,0.119891
Cup\m494_06_fill_holes_and_orientation.obj,0.038987
Cup\m495_06_fill_holes_and_orientation.obj,0.040359
Cup\m496_06_fill_holes_and_orientation.obj,0.171123
Cup\m497_06_fill_holes_and_orientation.obj,0.249719
Cup\m498_06_fill_holes_and_orientation.obj,0.203430
Cup\m499_06_fill_holes_and_orientation.obj,0.020099
Cup\m500_06_fill_holes_and_orientation.obj,0.219299
Cup\m501_06_fill_holes_and_orientation.obj,0.069037
Cup\m502_06_fill_holes_and_orientation.obj,0.132204
Cup\m526_06_fill_holes_and_orientation.obj,0.422797
DeskLamp\D00048_06_fill_holes_and_orientation.obj,0.275728
DeskLamp\D00090_06_fill_holes_and_orientation.obj,0.112078
DeskLamp\D00147_06_fill_holes_and_orientation.obj,0.008787
DeskLamp\D00257_06_fill_holes_and_orientation.obj,0.050857
DeskLamp\D00268_06_fill_holes_and_orientation.obj,0.012049
DeskLamp\D00330_06_fill_holes_and_orientation.obj,0.010879
DeskLamp\D00378_06_fill_holes_and_orientation.obj,0.080675
DeskLamp\D00435_06_fill_holes_and_orientation.obj,0.066336
DeskLamp\D00455_06_fill_holes_and_orientation.obj,0.008453
DeskLamp\D00531_06_fill_holes_and_orientation.obj,0.048980
DeskLamp\D00547_06_fill_holes_and_orientation.obj,0.050592
DeskLamp\D00686_06_fill_holes_and_orientation.obj,0.060627
DeskLamp\D00693_06_fill_holes_and_orientation.obj,0.038202
DeskLamp\D00698_06_fill_holes_and_orientation.obj,0.072074
DeskLamp\D00715_06_fill_holes_and_orientation.obj,0.023979
DeskLamp\D00744_06_fill_holes_and_orientation.obj,0.067315
DeskLamp\D00759_06_fill_holes_and_orientation.obj,0.167418
DeskLamp\D00776_06_fill_holes_and_orientation.obj,0.059143
DeskLamp\D00797_06_fill_holes_and_orientation.obj,0.017609
DeskLamp\D00912_06_fill_holes_and_orientation.obj,0.060124
DeskLamp\m603_06_fill_holes_and_orientation.obj,0.082772
DeskLamp\m604_06_fill_holes_and_orientation.obj,0.018748
DeskLamp\m605_06_fill_holes_and_orientation.obj,0.106203
DeskLamp\m606_06_fill_holes_and_orientation.obj,0.054559
DeskLamp\m608_06_fill_holes_and_orientation.obj,0.136155
DeskLamp\m609_06_fill_holes_and_orientation.obj,0.053117
DeskLamp\m611_06_fill_holes_and_orientation.obj,0.033270
DeskLamp\m613_06_fill_holes_and_orientation.obj,0.028493
DeskLamp\m614_06_fill_holes_and_orientation.obj,0.038910
DeskLamp\m615_06_fill_holes_and_orientation.obj,0.026300
DeskLamp\m616_06_fill_holes_and_orientation.obj,0.029539
DeskPhone\D00118_06_fill_holes_and_orientation.obj,0.400605
DeskPhone\D00135_06_fill_holes_and_orientation.obj,0.174484
DeskPhone\D00154_06_fill_holes_and_orientation.obj,0.274592
DeskPhone\D00220_06_fill_holes_and_orientation.obj,0.228428
DeskPhone\D00316_06_fill_holes_and_orientation.obj,0.231700
DeskPhone\D00318_06_fill_holes_and_orientation.obj,0.140881
DeskPhone\D00403_06_fill_holes_and_orientation.obj,0.088290
DeskPhone\D00486_06_fill_holes_and_orientation.obj,0.230081
DeskPhone\D00511_06_fill_holes_and_orientation.obj,0.205916
DeskPhone\D00556_06_fill_holes_and_orientation.obj,0.339757
DeskPhone\D00576_06_fill_holes_and_orientation.obj,0.153835
DeskPhone\D00680_06_fill_holes_and_orientation.obj,0.639893
DeskPhone\D00706_06_fill_holes_and_orientation.obj,0.524356
DeskPhone\D00773_06_fill_holes_and_orientation.obj,0.111491
DeskPhone\D00829_06_fill_holes_and_orientation.obj,0.157370
DeskPhone\D00894_06_fill_holes_and_orientation.obj,0.185827
DeskPhone\D00897_06_fill_holes_and_orientation.obj,0.201737
DeskPhone\D00899_06_fill_holes_and_orientation.obj,0.188277
DeskPhone\D00957_06_fill_holes_and_orientation.obj,0.197285
DeskPhone\D00958_06_fill_holes_and_orientation.obj,0.431102
Door\D01005_06_fill_holes_and_orientation.obj,0.197808
Door\D01029_06_fill_holes_and_orientation.obj,0.009982
Door\D01052_06_fill_holes_and_orientation.obj,0.351258
Door\D01058_06_fill_holes_and_orientation.obj,0.083472
Door\D01062_06_fill_holes_and_orientation.obj,0.241741
Door\D01076_06_fill_holes_and_orientation.obj,0.326044
Door\D01104_06_fill_holes_and_orientation.obj,0.224020
Door\D01114_06_fill_holes_and_orientation.obj,0.161636
Door\D01121_06_fill_holes_and_orientation.obj,0.875013
Door\D01129_06_fill_holes_and_orientation.obj,0.081031
Door\D01136_06_fill_holes_and_orientation.obj,0.221029
Door\D01141_06_fill_holes_and_orientation.obj,0.277111
Door\D01144_06_fill_holes_and_orientation.obj,0.331620
Door\D01155_06_fill_holes_and_orientation.obj,0.169821
Door\D01158_06_fill_holes_and_orientation.obj,0.093613
Door\D01167_06_fill_holes_and_orientation.obj,0.355219
Door\D01177_06_fill_holes_and_orientation.obj,0.157700
Door\D01194_06_fill_holes_and_orientation.obj,0.000502
Door\m1707_06_fill_holes_and_orientation.obj,0.009982
Door\m1708_06_fill_holes_and_orientation.obj,0.875013
Door\m1710_06_fill_holes_and_orientation.obj,0.075421
Door\m1711_06_fill_holes_and_orientation.obj,0.314130
Door\m1712_06_fill_holes_and_orientation.obj,0.326040
Door\m1713_06_fill_holes_and_orientation.obj,0.195846
Door\m1714_06_fill_holes_and_orientation.obj,0.232183
Door\m1715_06_fill_holes_and_orientation.obj,0.591190
Door\m1716_06_fill_holes_and_orientation.obj,0.277111
Door\m1717_06_fill_holes_and_orientation.obj,0.084058
Door\m1718_06_fill_holes_and_orientation.obj,0.081032
Door\m1720_06_fill_holes_and_orientation.obj,0.259407
Door\m1721_06_fill_holes_and_orientation.obj,0.102001
Door\m1722_06_fill_holes_and_orientation.obj,0.207725
Door\m1723_06_fill_holes_and_orientation.obj,0.216030
Door\m1724_06_fill_holes_and_orientation.obj,0.264087
Door\m1725_06_fill_holes_and_orientation.obj,0.024474
Door\m1726_06_fill_holes_and_orientation.obj,0.226774
Door\m1727_06_fill_holes_and_orientation.obj,0.140340
Door\m1728_06_fill_holes_and_orientation.obj,0.335520
Door\m1729_06_fill_holes_and_orientation.obj,0.078869
Door\m1730_06_fill_holes_and_orientation.obj,0.078869
Door\m1731_06_fill_holes_and_orientation.obj,0.110969
Door\m1732_06_fill_holes_and_orientation.obj,0.139439
Drum\D00026_06_fill_holes_and_orientation.obj,0.067187
Drum\D00063_06_fill_holes_and_orientation.obj,0.235025
Drum\D00115_06_fill_holes_and_orientation.obj,0.775581
Drum\D00163_06_fill_holes_and_orientation.obj,0.264976
Drum\D00189_06_fill_holes_and_orientation.obj,0.145153
Drum\D00193_06_fill_holes_and_orientation.obj,0.603563
Drum\D00297_06_fill_holes_and_orientation.obj,0.064123
Drum\D00298_06_fill_holes_and_orientation.obj,0.323466
Drum\D00308_06_fill_holes_and_orientation.obj,0.354070
Drum\D00375_06_fill_holes_and_orientation.obj,0.373583
Drum\D00383_06_fill_holes_and_orientation.obj,0.308704
Drum\D00404_06_fill_holes_and_orientation.obj,0.246600
Drum\D00551_06_fill_holes_and_orientation.obj,0.112585
Drum\D00557_06_fill_holes_and_orientation.obj,0.042104
Drum\D00596_06_fill_holes_and_orientation.obj,0.386109
Drum\D00709_06_fill_holes_and_orientation.obj,0.581593
Drum\D00939_06_fill_holes_and_orientation.obj,0.173352
Drum\D00951_06_fill_holes_and_orientation.obj,0.151671
Drum\D00980_06_fill_holes_and_orientation.obj,1.047308
Drum\D00982_06_fill_holes_and_orientation.obj,0.157611
Fish\D00012_06_fill_holes_and_orientation.obj,0.100321
Fish\D00022_06_fill_holes_and_orientation.obj,0.099070
Fish\D00024_06_fill_holes_and_orientation.obj,0.115350
Fish\D00030_06_fill_holes_and_orientation.obj,0.123998
Fish\D00142_06_fill_holes_and_orientation.obj,0.075740
Fish\D00165_06_fill_holes_and_orientation.obj,0.099995
Fish\D00251_06_fill_holes_and_orientation.obj,0.119133
Fish\D00293_06_fill_holes_and_orientation.obj,0.102127
Fish\D00351_06_fill_holes_and_orientation.obj,0.064714
Fish\D00398_06_fill_holes_and_orientation.obj,0.124559
Fish\D00450_06_fill_holes_and_orientation.obj,0.082212
Fish\D00535_06_fill_holes_and_orientation.obj,0.053111
Fish\D00633_06_fill_holes_and_orientation.obj,0.099554
Fish\D00636_06_fill_holes_and_orientation.obj,0.100973
Fish\D00643_06_fill_holes_and_orientation.obj,0.069471
Fish\D00682_06_fill_holes_and_orientation.obj,0.078853
Fish\D00748_06_fill_holes_and_orientation.obj,0.117375
Fish\D00763_06_fill_holes_and_orientation.obj,0.088587
Fish\D00850_06_fill_holes_and_orientation.obj,0.090891
Fish\D00950_06_fill_holes_and_orientation.obj,0.062957
FloorLamp\D00028_06_fill_holes_and_orientation.obj,0.025423
FloorLamp\D00093_06_fill_holes_and_orientation.obj,0.011970
FloorLamp\D00186_06_fill_holes_and_orientation.obj,0.029867
FloorLamp\D00211_06_fill_holes_and_orientation.obj,0.067285
FloorLamp\D00228_06_fill_holes_and_orientation.obj,0.025432
FloorLamp\D00388_06_fill_holes_and_orientation.obj,0.045748
FloorLamp\D00400_06_fill_holes_and_orientation.obj,0.017887
FloorLamp\D00408_06_fill_holes_and_orientation.obj,0.100199
FloorLamp\D00447_06_fill_holes_and_orientation.obj,0.060991
FloorLamp\D00495_06_fill_holes_and_orientation.obj,0.060888
FloorLamp\D00563_06_fill_holes_and_orientation.obj,0.031968
FloorLamp\D00580_06_fill_holes_and_orientation.obj,0.016996
FloorLamp\D00740_06_fill_holes_and_orientation.obj,0.020309
FloorLamp\D00856_06_fill_holes_and_orientation.obj,0.023046
FloorLamp\D00875_06_fill_holes_and_orientation.obj,0.173544
FloorLamp\D00876_06_fill_holes_and_orientation.obj,0.169471
FloorLamp\D00888_06_fill_holes_and_orientation.obj,0.123588
FloorLamp\D00924_06_fill_holes_and_orientation.obj,0.033185
FloorLamp\D00955_06_fill_holes_and_orientation.obj,0.048520
FloorLamp\D00981_06_fill_holes_and_orientation.obj,0.090528
FloorLamp\m617_06_fill_holes_and_orientation.obj,0.067841
FloorLamp\m618_06_fill_holes_and_orientation.obj,0.119978
FloorLamp\m619_06_fill_holes_and_orientation.obj,0.151817
FloorLamp\m620_06_fill_holes_and_orientation.obj,0.037931
FloorLamp\m621_06_fill_holes_and_orientation.obj,0.058167
Glasses\D00050_06_fill_holes_and_orientation.obj,0.013971
Glasses\D00201_06_fill_holes_and_orientation.obj,0.003465
Glasses\D00225_06_fill_holes_and_orientation.obj,0.021856
Glasses\D00432_06_fill_holes_and_orientation.obj,0.009612
Glasses\D00475_06_fill_holes_and_orientation.obj,0.002262
Glasses\D00507_06_fill_holes_and_orientation.obj,0.013974
Glasses\D00560_06_fill_holes_and_orientation.obj,0.009455
Glasses\D00575_06_fill_holes_and_orientation.obj,0.009514
Glasses\D00630_06_fill_holes_and_orientation.obj,0.010920
Glasses\D00640_06_fill_holes_and_orientation.obj,0.005191
Glasses\D00656_06_fill_holes_and_orientation.obj,0.024013
Glasses\D00660_06_fill_holes_and_orientation.obj,0.010016
Glasses\D00717_06_fill_holes_and_orientation.obj,0.016918
Glasses\D00730_06_fill_holes_and_orientation.obj,0.004987
Glasses\D00813_06_fill_holes_and_orientation.obj,0.005504
Glasses\D00816_06_fill_holes_and_orientation.obj,0.005220
Glasses\D00877_06_fill_holes_and_orientation.obj,0.008342
Glasses\D00883_06_fill_holes_and_orientation.obj,0.007372
Glasses\D00994_06_fill_holes_and_orientation.obj,0.002819
Guitar\D00023_06_fill_holes_and_orientation.obj,0.171574
Guitar\D00041_06_fill_holes_and_orientation.obj,0.191894
Guitar\D00076_06_fill_holes_and_orientation.obj,0.058011
Guitar\D00097_06_fill_holes_and_orientation.obj,0.357307
Guitar\D00124_06_fill_holes_and_orientation.obj,0.256950
Guitar\D00222_06_fill_holes_and_orientation.obj,0.272436
Guitar\D00232_06_fill_holes_and_orientation.obj,0.101404
Guitar\D00335_06_fill_holes_and_orientation.obj,0.002343
Guitar\D00374_06_fill_holes_and_orientation.obj,0.122459
Guitar\D00414_06_fill_holes_and_orientation.obj,0.210262
Guitar\D00416_06_fill_holes_and_orientation.obj,0.232767
Guitar\D00461_06_fill_holes_and_orientation.obj,0.154619
Guitar\D00464_06_fill_holes_and_orientation.obj,0.199771
Guitar\D00494_06_fill_holes_and_orientation.obj,0.238287
Guitar\D00534_06_fill_holes_and_orientation.obj,0.071172
Guitar\D00549_06_fill_holes_and_orientation.obj,0.197334
Guitar\D00645_06_fill_holes_and_orientation.obj,0.216877
Guitar\D00655_06_fill_holes_and_orientation.obj,0.131986
Guitar\D00844_06_fill_holes_and_orientation.obj,0.357245
Guitar\D00849_06_fill_holes_and_orientation.obj,0.148426
Gun\D00103_06_fill_holes_and_orientation.obj,0.347356
Gun\D00137_06_fill_holes_and_orientation.obj,0.250605
Gun\D00140_06_fill_holes_and_orientation.obj,0.188106
Gun\D00153_06_fill_holes_and_orientation.obj,0.192789
Gun\D00161_06_fill_holes_and_orientation.obj,0.187050
Gun\D00204_06_fill_holes_and_orientation.obj,0.210998
Gun\D00207_06_fill_holes_and_orientation.obj,0.116397
Gun\D00209_06_fill_holes_and_orientation.obj,0.282097
Gun\D00239_06_fill_holes_and_orientation.obj,0.122077
Gun\D00244_06_fill_holes_and_orientation.obj,0.241083
Gun\D00282_06_fill_holes_and_orientation.obj,0.103641
Gun\D00368_06_fill_holes_and_orientation.obj,0.285089
Gun\D00425_06_fill_holes_and_orientation.obj,0.187053
Gun\D00477_06_fill_holes_and_orientation.obj,0.189101
Gun\D00606_06_fill_holes_and_orientation.obj,0.195853
Gun\D00802_06_fill_holes_and_orientation.obj,0.177829
Gun\D00819_06_fill_holes_and_orientation.obj,0.255521
Gun\D00826_06_fill_holes_and_orientation.obj,0.147636
Gun\D00929_06_fill_holes_and_orientation.obj,0.302411
Gun\D00972_06_fill_holes_and_orientation.obj,0.108854
Gun\m648_06_fill_holes_and_orientation.obj,0.142999
Gun\m649_06_fill_holes_and_orientation.obj,0.221487
Gun\m650_06_fill_holes_and_orientation.obj,0.141224
Gun\m651_06_fill_holes_and_orientation.obj,0.173367
Gun\m652_06_fill_holes_and_orientation.obj,0.214584
Gun\m653_06_fill_holes_and_orientation.obj,0.143481
Gun\m654_06_fill_holes_and_orientation.obj,0.516937
Gun\m655_06_fill_holes_and_orientation.obj,0.169147
Gun\m656_06_fill_holes_and_orientation.obj,0.120820
Gun\m657_06_fill_holes_and_orientation.obj,0.252205
Gun\m658_06_fill_holes_and_orientation.obj,0.299925
Gun\m659_06_fill_holes_and_orientation.obj,0.117750
Gun\m660_06_fill_holes_and_orientation.obj,0.034291
Gun\m661_06_fill_holes_and_orientation.obj,0.329818
Gun\m662_06_fill_holes_and_orientation.obj,0.465140
Gun\m663_06_fill_holes_and_orientation.obj,0.424761
Gun\m664_06_fill_holes_and_orientation.obj,0.279735
Gun\m665_06_fill_holes_and_orientation.obj,0.225635
Gun\m666_06_fill_holes_and_orientation.obj,0.179352
Gun\m667_06_fill_holes_and_orientation.obj,0.105091
Gun\m668_06_fill_holes_and_orientation.obj,0.118392
Gun\m669_06_fill_holes_and_orientation.obj,0.106765
Gun\m670_06_fill_holes_and_orientation.obj,0.131388
Gun\m671_06_fill_holes_and_orientation.obj,0.148921
Gun\m672_06_fill_holes_and_orientation.obj,0.273894
Gun\m674_06_fill_holes_and_orientation.obj,0.244001
Gun\m675_06_fill_holes_and_orientation.obj,0.144393
Gun\m676_06_fill_holes_and_orientation.obj,0.100192
Gun\m677_06_fill_holes_and_orientation.obj,0.305324
Gun\m678_06_fill_holes_and_orientation.obj,0.145251
Gun\m679_06_fill_holes_and_orientation.obj,0.189307
Gun\m680_06_fill_holes_and_orientation.obj,0.138520
Gun\m681_06_fill_holes_and_orientation.obj,0.164310
Gun\m682_06_fill_holes_and_orientation.obj,0.155914
Gun\m683_06_fill_holes_and_orientation.obj,0.148743
Gun\m684_06_fill_holes_and_orientation.obj,0.013969
Gun\m685_06_fill_holes_and_orientation.obj,0.292566
Gun\m686_06_fill_holes_and_orientation.obj,0.099238
Hand\D01006_06_fill_holes_and_orientation.obj,0.253329
Hand\D01020_06_fill_holes_and_orientation.obj,0.177276
Hand\D01022_06_fill_holes_and_orientation.obj,0.197219
Hand\D01024_06_fill_holes_and_orientation.obj,0.245767
Hand\D01041_06_fill_holes_and_orientation.obj,0.184137
Hand\D01060_06_fill_holes_and_orientation.obj,0.176188
Hand\D01074_06_fill_holes_and_orientation.obj,0.203131
Hand\D01093_06_fill_holes_and_orientation.obj,0.131386
Hand\D01097_06_fill_holes_and_orientation.obj,0.224604
Hand\D01106_06_fill_holes_and_orientation.obj,0.262479
Hand\D01117_06_fill_holes_and_orientation.obj,0.251574
Hand\D01118_06_fill_holes_and_orientation.obj,0.177536
Hand\D01153_06_fill_holes_and_orientation.obj,0.218516
Hand\D01162_06_fill_holes_and_orientation.obj,0.338081
Hand\D01170_06_fill_holes_and_orientation.obj,0.172239
Hand\D01172_06_fill_holes_and_orientation.obj,0.303751
Hand\D01193_06_fill_holes_and_orientation.obj,0.308293
Hand\D01197_06_fill_holes_and_orientation.obj,0.089483
Hand\D01198_06_fill_holes_and_orientation.obj,0.229597
Hand\D01200_06_fill_holes_and_orientation.obj,0.128153
Hand\m323_06_fill_holes_and_orientation.obj,0.303805
Hand\m324_06_fill_holes_and_orientation.obj,0.218539
Hand\m325_06_fill_holes_and_orientation.obj,0.181657
Hand\m326_06_fill_holes_and_orientation.obj,0.176284
Hand\m327_06_fill_holes_and_orientation.obj,0.293787
Hand\m328_06_fill_holes_and_orientation.obj,0.250580
Hand\m329_06_fill_holes_and_orientation.obj,0.225243
Hand\m330_06_fill_holes_and_orientation.obj,0.202178
Hand\m331_06_fill_holes_and_orientation.obj,0.196910
Hand\m332_06_fill_holes_and_orientation.obj,0.337724
Hand\m333_06_fill_holes_and_orientation.obj,0.289166
Hand\m334_06_fill_holes_and_orientation.obj,0.252299
Hand\m335_06_fill_holes_and_orientation.obj,0.253329
Hand\m336_06_fill_holes_and_orientation.obj,0.174386
Hand\m337_06_fill_holes_and_orientation.obj,0.229597
Hand\m338_06_fill_holes_and_orientation.obj,0.170814
Hand\m339_06_fill_holes_and_orientation.obj,0.262477
Hat\m1627_06_fill_holes_and_orientation.obj,0.187358
Hat\m1628_06_fill_holes_and_orientation.obj,0.041729
Hat\m1629_06_fill_holes_and_orientation.obj,0.026467
Hat\m1630_06_fill_holes_and_orientation.obj,0.140978
Hat\m1631_06_fill_holes_and_orientation.obj,0.140605
Hat\m1632_06_fill_holes_and_orientation.obj,0.006119
Hat\m1633_06_fill_holes_and_orientation.obj,0.172197
Hat\m1634_06_fill_holes_and_orientation.obj,0.397218
Hat\m1635_06_fill_holes_and_orientation.obj,0.095502
Hat\m1636_06_fill_holes_and_orientation.obj,0.033689
Hat\m1637_06_fill_holes_and_orientation.obj,0.014888
Hat\m1638_06_fill_holes_and_orientation.obj,0.120441
Hat\m1639_06_fill_holes_and_orientation.obj,0.043675
Hat\m1640_06_fill_holes_and_orientation.obj,0.016789
Hat\m1641_06_fill_holes_and_orientation.obj,0.027647
Helicopter\D00038_06_fill_holes_and_orientation.obj,0.022992
Helicopter\D00191_06_fill_holes_and_orientation.obj,0.022404
Helicopter\D00361_06_fill_holes_and_orientation.obj,0.017132
Helicopter\D00397_06_fill_holes_and_orientation.obj,0.017748
Helicopter\D00423_06_fill_holes_and_orientation.obj,0.020256
Helicopter\D00470_06_fill_holes_and_orientation.obj,0.025228
Helicopter\D00471_06_fill_holes_and_orientation.obj,0.062225
Helicopter\D00473_06_fill_holes_and_orientation.obj,0.010123
Helicopter\D00498_06_fill_holes_and_orientation.obj,0.005000
Helicopter\D00500_06_fill_holes_and_orientation.obj,0.028292
Helicopter\D00502_06_fill_holes_and_orientation.obj,0.019044
Helicopter\D00644_06_fill_holes_and_orientation.obj,0.025294
Helicopter\D00658_06_fill_holes_and_orientation.obj,0.012602
Helicopter\D00751_06_fill_holes_and_orientation.obj,0.030662
Helicopter\D00796_06_fill_holes_and_orientation.obj,0.024492
Helicopter\D00820_06_fill_holes_and_orientation.obj,0.016973
Helicopter\D00868_06_fill_holes_and_orientation.obj,0.035180
Helicopter\D00977_06_fill_holes_and_orientation.obj,0.007775
Helicopter\D00986_06_fill_holes_and_orientation.obj,0.055306
Helicopter\D00991_06_fill_holes_and_orientation.obj,0.014325
Helicopter\m1302_06_fill_holes_and_orientation.obj,0.065509
Helicopter\m1304_06_fill_holes_and_orientation.obj,0.121041
Helicopter\m1305_06_fill_holes_and_orientation.obj,0.120951
Helicopter\m1306_06_fill_holes_and_orientation.obj,0.036493
Helicopter\m1307_06_fill_holes_and_orientation.obj,0.030680
Helicopter\m1308_06_fill_holes_and_orientation.obj,0.025356
Helicopter\m1309_06_fill_holes_and_orientation.obj,0.016586
Helicopter\m1310_06_fill_holes_and_orientation.obj,0.019688
Helicopter\m1311_06_fill_holes_and_orientation.obj,0.026658
Helicopter\m1312_06_fill_holes_and_orientation.obj,0.036200
Helicopter\m1313_06_fill_holes_and_orientation.obj,0.038280
Helicopter\m1314_06_fill_holes_and_orientation.obj,0.052048
Helicopter\m1315_06_fill_holes_and_orientation.obj,0.028689
Helicopter\m1316_06_fill_holes_and_orientation.obj,0.034375
Helicopter\m1317_06_fill_holes_and_orientation.obj,0.055671
Helicopter\m1318_06_fill_holes_and_orientation.obj,0.035601
Helicopter\m1319_06_fill_holes_and_orientation.obj,0.022105
Helicopter\m1320_06_fill_holes_and_orientation.obj,0.032932
Helicopter\m1321_06_fill_holes_and_orientation.obj,0.019525
Helicopter\m1322_06_fill_holes_and_orientation.obj,0.014617
Helicopter\m1323_06_fill_holes_and_orientation.obj,0.015432
Helicopter\m1325_06_fill_holes_and_orientation.obj,0.017602
Helicopter\m1326_06_fill_holes_and_orientation.obj,0.023043
Helicopter\m1327_06_fill_holes_and_orientation.obj,0.016527
Helicopter\m1328_06_fill_holes_and_orientation.obj,0.020319
Helicopter\m1329_06_fill_holes_and_orientation.obj,0.078968
Helicopter\m1330_06_fill_holes_and_orientation.obj,0.059047
Helicopter\m1332_06_fill_holes_and_orientation.obj,0.022975
Helicopter\m1333_06_fill_holes_and_orientation.obj,0.021125
Helicopter\m1334_06_fill_holes_and_orientation.obj,0.017855
Helicopter\m1336_06_fill_holes_and_orientation.obj,0.033120
House\D00001_06_fill_holes_and_orientation.obj,0.078905
House\D00044_06_fill_holes_and_orientation.obj,0.098296
House\D00091_06_fill_holes_and_orientation.obj,0.379442
House\D00095_06_fill_holes_and_orientation.obj,0.442166
House\D00286_06_fill_holes_and_orientation.obj,0.110006
House\D00325_06_fill_holes_and_orientation.obj,0.183787
House\D00359_06_fill_holes_and_orientation.obj,0.051200
House\D00389_06_fill_holes_and_orientation.obj,0.090090
House\D00415_06_fill_holes_and_orientation.obj,0.412496
House\D00454_06_fill_holes_and_orientation.obj,0.530085
House\D00568_06_fill_holes_and_orientation.obj,0.063187
House\D00574_06_fill_holes_and_orientation.obj,0.140395
House\D00665_06_fill_holes_and_orientation.obj,0.205415
House\D00873_06_fill_holes_and_orientation.obj,0.012126
House\D00889_06_fill_holes_and_orientation.obj,0.266937
House\D00901_06_fill_holes_and_orientation.obj,0.090014
House\D00903_06_fill_holes_and_orientation.obj,0.067230
House\D00941_06_fill_holes_and_orientation.obj,0.526675
House\D00946_06_fill_holes_and_orientation.obj,0.014663
House\D00965_06_fill_holes_and_orientation.obj,0.130075
House\m423_06_fill_holes_and_orientation.obj,0.291604
House\m429_06_fill_holes_and_orientation.obj,0.105893
House\m430_06_fill_holes_and_orientation.obj,0.100754
House\m431_06_fill_holes_and_orientation.obj,0.217627
House\m432_06_fill_holes_and_orientation.obj,0.062960
House\m433_06_fill_holes_and_orientation.obj,0.049096
House\m434_06_fill_holes_and_orientation.obj,0.337860
House\m435_06_fill_holes_and_orientation.obj,0.099199
House\m436_06_fill_holes_and_orientation.obj,0.257199
House\m439_06_fill_holes_and_orientation.obj,0.031109
House\m440_06_fill_holes_and_orientation.obj,0.087227
House\m441_06_fill_holes_and_orientation.obj,0.039055
House\m443_06_fill_holes_and_orientation.obj,0.445292
House\m446_06_fill_holes_and_orientation.obj,0.017731
House\m447_06_fill_holes_and_orientation.obj,0.078102
House\m448_06_fill_holes_and_orientation.obj,0.142898
House\m449_06_fill_holes_and_orientation.obj,0.372582
House\m451_06_fill_holes_and_orientation.obj,0.123863
House\m452_06_fill_holes_and_orientation.obj,0.184521
House\m453_06_fill_holes_and_orientation.obj,0.180872
House\m454_06_fill_holes_and_orientation.obj,0.219450
House\m456_06_fill_holes_and_orientation.obj,0.027911
House\m457_06_fill_holes_and_orientation.obj,0.445292
House\m460_06_fill_holes_and_orientation.obj,0.079291
House\m461_06_fill_holes_and_orientation.obj,0.189085
House\m462_06_fill_holes_and_orientation.obj,0.345025
HumanHead\D00013_06_fill_holes_and_orientation.obj,0.477404
HumanHead\D00061_06_fill_holes_and_orientation.obj,0.337592
HumanHead\D00072_06_fill_holes_and_orientation.obj,0.415551
HumanHead\D00106_06_fill_holes_and_orientation.obj,0.284922
HumanHead\D00131_06_fill_holes_and_orientation.obj,0.431272
HumanHead\D00205_06_fill_holes_and_orientation.obj,0.409297
HumanHead\D00313_06_fill_holes_and_orientation.obj,0.441950
HumanHead\D00434_06_fill_holes_and_orientation.obj,0.324399
HumanHead\D00487_06_fill_holes_and_orientation.obj,0.432787
HumanHead\D00488_06_fill_holes_and_orientation.obj,0.366731
HumanHead\D00566_06_fill_holes_and_orientation.obj,0.361680
HumanHead\D00578_06_fill_holes_and_orientation.obj,0.333836
HumanHead\D00591_06_fill_holes_and_orientation.obj,0.473589
HumanHead\D00610_06_fill_holes_and_orientation.obj,0.406192
HumanHead\D00629_06_fill_holes_and_orientation.obj,0.363588
HumanHead\D00653_06_fill_holes_and_orientation.obj,0.376345
HumanHead\D00690_06_fill_holes_and_orientation.obj,0.430950
HumanHead\D00758_06_fill_holes_and_orientation.obj,0.266694
HumanHead\D00910_06_fill_holes_and_orientation.obj,0.343156
HumanHead\D00984_06_fill_holes_and_orientation.obj,0.410850
HumanHead\m340_06_fill_holes_and_orientation.obj,0.289744
HumanHead\m341_06_fill_holes_and_orientation.obj,0.399931
HumanHead\m342_06_fill_holes_and_orientation.obj,0.585276
HumanHead\m343_06_fill_holes_and_orientation.obj,0.395582
HumanHead\m344_06_fill_holes_and_orientation.obj,0.402399
HumanHead\m345_06_fill_holes_and_orientation.obj,0.326631
HumanHead\m346_06_fill_holes_and_orientation.obj,0.387346
HumanHead\m347_06_fill_holes_and_orientation.obj,0.325519
HumanHead\m348_06_fill_holes_and_orientation.obj,0.389630
HumanHead\m349_06_fill_holes_and_orientation.obj,0.765407
HumanHead\m350_06_fill_holes_and_orientation.obj,0.363771
HumanHead\m351_06_fill_holes_and_orientation.obj,0.412104
HumanHead\m352_06_fill_holes_and_orientation.obj,0.484827
HumanHead\m353_06_fill_holes_and_orientation.obj,0.459143
HumanHead\m354_06_fill_holes_and_orientation.obj,0.390033
HumanHead\m355_06_fill_holes_and_orientation.obj,0.426481
HumanHead\m356_06_fill_holes_and_orientation.obj,0.482423
HumanHead\m357_06_fill_holes_and_orientation.obj,0.355898
HumanHead\m358_06_fill_holes_and_orientation.obj,0.331029
HumanHead\m359_06_fill_holes_and_orientation.obj,0.367359
HumanHead\m360_06_fill_holes_and_orientation.obj,0.472217
HumanHead\m361_06_fill_holes_and_orientation.obj,0.392715
HumanHead\m362_06_fill_holes_and_orientation.obj,0.562465
HumanHead\m363_06_fill_holes_and_orientation.obj,0.396305
HumanHead\m364_06_fill_holes_and_orientation.obj,0.380317
HumanHead\m365_06_fill_holes_and_orientation.obj,0.455151
HumanHead\m366_06_fill_holes_and_orientation.obj,0.017929
HumanHead\m367_06_fill_holes_and_orientation.obj,0.317136
HumanHead\m368_06_fill_holes_and_orientation.obj,0.457012
HumanHead\m369_06_fill_holes_and_orientation.obj,0.406820
HumanHead\m370_06_fill_holes_and_orientation.obj,0.349249
Humanoid\m118_06_fill_holes_and_orientation.obj,0.178792
Humanoid\m119_06_fill_holes_and_orientation.obj,0.190065
Humanoid\m120_06_fill_holes_and_orientation.obj,0.168724
Humanoid\m121_06_fill_holes_and_orientation.obj,0.193213
Humanoid\m122_06_fill_holes_and_orientation.obj,0.135893
Humanoid\m123_06_fill_holes_and_orientation.obj,0.137081
Humanoid\m124_06_fill_holes_and_orientation.obj,0.209738
Humanoid\m125_06_fill_holes_and_orientation.obj,0.133181
Humanoid\m126_06_fill_holes_and_orientation.obj,0.189763
Humanoid\m128_06_fill_holes_and_orientation.obj,0.214197
Humanoid\m129_06_fill_holes_and_orientation.obj,0.126496
Humanoid\m130_06_fill_holes_and_orientation.obj,0.201292
Humanoid\m131_06_fill_holes_and_orientation.obj,0.198252
Humanoid\m132_06_fill_holes_and_orientation.obj,0.152632
Humanoid\m133_06_fill_holes_and_orientation.obj,0.492131
Humanoid\m134_06_fill_holes_and_orientation.obj,0.293303
Humanoid\m135_06_fill_holes_and_orientation.obj,0.093321
Humanoid\m136_06_fill_holes_and_orientation.obj,0.196308
Humanoid\m137_06_fill_holes_and_orientation.obj,0.117079
Humanoid\m138_06_fill_holes_and_orientation.obj,0.139781
Humanoid\m139_06_fill_holes_and_orientation.obj,0.309738
Humanoid\m140_06_fill_holes_and_orientation.obj,0.190832
Humanoid\m141_06_fill_holes_and_orientation.obj,0.109768
Humanoid\m143_06_fill_holes_and_orientation.obj,0.209025
Humanoid\m144_06_fill_holes_and_orientation.obj,0.179678
Humanoid\m145_06_fill_holes_and_orientation.obj,0.111498
Humanoid\m146_06_fill_holes_and_orientation.obj,0.116297
Humanoid\m147_06_fill_holes_and_orientation.obj,0.207036
Humanoid\m148_06_fill_holes_and_orientation.obj,0.032894
Humanoid\m149_06_fill_holes_and_orientation.obj,0.261986
Humanoid\m150_06_fill_holes_and_orientation.obj,0.177217
Humanoid\m151_06_fill_holes_and_orientation.obj,0.243670
Humanoid\m152_06_fill_holes_and_orientation.obj,0.271048
Humanoid\m153_06_fill_holes_and_orientation.obj,0.303202
Humanoid\m154_06_fill_holes_and_orientation.obj,0.273431
Humanoid\m155_06_fill_holes_and_orientation.obj,0.201126
Humanoid\m156_06_fill_holes_and_orientation.obj,0.164135
Humanoid\m157_06_fill_holes_and_orientation.obj,0.212527
Humanoid\m158_06_fill_holes_and_orientation.obj,0.341563
Humanoid\m159_06_fill_holes_and_orientation.obj,0.248057
Humanoid\m160_06_fill_holes_and_orientation.obj,0.108804
Humanoid\m161_06_fill_holes_and_orientation.obj,0.256745
Humanoid\m162_06_fill_holes_and_orientation.obj,0.226927
Humanoid\m163_06_fill_holes_and_orientation.obj,0.322011
Humanoid\m164_06_fill_holes_and_orientation.obj,0.284669
Humanoid\m165_06_fill_holes_and_orientation.obj,0.116541
Humanoid\m166_06_fill_holes_and_orientation.obj,0.094600
Humanoid\m167_06_fill_holes_and_orientation.obj,0.233697
Humanoid\m168_06_fill_holes_and_orientation.obj,0.198121
Humanoid\m169_06_fill_holes_and_orientation.obj,0.162622
Humanoid\m170_06_fill_holes_and_orientation.obj,0.200997
Humanoid\m171_06_fill_holes_and_orientation.obj,0.126927
Humanoid\m172_06_fill_holes_and_orientation.obj,0.155157
Humanoid\m173_06_fill_holes_and_orientation.obj,0.275912
Humanoid\m174_06_fill_holes_and_orientation.obj,0.200359
Humanoid\m175_06_fill_holes_and_orientation.obj,0.145467
Humanoid\m176_06_fill_holes_and_orientation.obj,0.219743
Humanoid\m177_06_fill_holes_and_orientation.obj,0.290628
Humanoid\m178_06_fill_holes_and_orientation.obj,0.225992
Humanoid\m179_06_fill_holes_and_orientation.obj,0.237897
Humanoid\m180_06_fill_holes_and_orientation.obj,0.827128
Humanoid\m181_06_fill_holes_and_orientation.obj,0.198160
