class,class_size,tp,fp,fn,tn,P,N_total,AP,ROC_AUC,NDCG,NDCG_top10,TP,FP,FN,TN,TPR,TNR,PPV,NPV,FNR,FPR,FDR,FOR,TS,ACC,F1,F0_5,F2,MCC,BM,MK,LR+,LR-,ROC_AUC_micro,ROC_AUC_macro
AircraftBuoyant,128,1.3125,8.6875,5.6875,19372.3125,7.0,19388.0,0.1618791898851558,0.5271194605009634,0.4010606983567196,0.18715399505342115,1.3125,8.6875,5.6875,19372.3125,0.1875,0.9995517517155977,0.13125,0.99970649705852,0.8125,0.00044824828440224963,0.86875,0.0002935029414800289,0.08735119047619047,0.9992585619971116,0.2058823529411765,0.18617021276595744,0.2302631578947368,0.15651083723926174,0.18705175171559776,0.13095649705851997,453.8988449546485,0.8128705629586058,0.5234929810074318,
Apartment,183,0.8260869565217391,9.173913043478262,6.130434782608695,19371.869565217392,6.956521739130435,19388.0,0.1507931022893314,0.6082291999116195,0.39725219719147276,0.10239617815464147,0.8260869565217391,9.173913043478262,6.130434782608695,19371.869565217392,0.11801242236024843,0.9995266554557974,0.08260869565217391,0.9996836394476929,0.8819875776397516,0.00047334454420257585,0.9173913043478261,0.00031636055230718833,0.055046583850931675,0.9992106278199873,0.18627450980392157,0.16843971631205676,0.2083333333333333,0.09834925181221899,0.11753907781604588,0.08229233509986675,287.09407966084984,0.8824120951162662,0.5981487787027362,
AquaticAnimal,224,1.8571428571428572,8.142857142857142,5.142857142857143,19372.85714285714,7.0,19388.0,0.3979708154477165,0.8265296713429493,0.5010559897984519,0.219060212100508,1.8571428571428572,8.142857142857142,5.142857142857143,19372.85714285714,0.26530612244897955,0.9995798536121533,0.18571428571428572,0.9997346033056633,0.7346938775510203,0.0004201463878467129,0.8142857142857143,0.00026539669433672943,0.14054442581228296,0.9993147454979516,0.2913165266106442,0.2634245187436677,0.3258145363408521,0.22163666207895724,0.2648859760611329,0.18544888901994902,859.3373420796889,0.7350262525062764,0.8181144011315915,
Bed,212,2.037037037037037,7.962962962962963,4.814814814814815,19373.185185185186,6.851851851851852,19388.0,0.49286337787307616,0.7532026171594816,0.5181389788052774,0.23189074543414967,2.037037037037037,7.962962962962963,4.814814814814815,19373.185185185186,0.29717813051146386,0.9995891388523136,0.2037037037037037,0.9997515319013927,0.7028218694885361,0.00041086114768631803,0.7962962962962963,0.00024846809860743185,0.15485980069313404,0.9993409439974325,0.2964572192513369,0.2666932974518543,0.333872783563186,0.24563534913555318,0.29676726936377756,0.2034552356050963,945.9697936787884,0.7031336380773178,0.7631025486533421,
Bicycle,207,7.3076923076923075,2.6923076923076925,1.0,19377.0,6.961538461538462,19388.0,1.7412624035176743,0.9338946294170175,0.7922712056312039,0.7745000675224704,7.3076923076923075,2.6923076923076925,1.0,19377.0,0.8571428571428571,0.9998610845879612,0.7307692307692307,0.9999483950872123,0.14285714285714285,0.00013891541203879526,0.2692307692307692,5.160491278769739e-05,0.706953783396091,0.9998095570614655,0.7834967320261439,0.7499881401361512,0.8243742841266061,0.7885929699837677,0.8570039417308184,0.7307176258564431,5022.960813492064,0.1429087597422465,0.9305631114643744,
Biplane,360,2.2666666666666666,7.733333333333333,4.733333333333333,19373.266666666666,7.0,19388.0,0.9024463826230226,0.8524919061066157,0.5910587297387249,0.2833092314196479,2.2666666666666666,7.733333333333333,4.733333333333333,19373.266666666666,0.3238095238095238,0.9996009837813665,0.22666666666666666,0.9997557367461383,0.6761904761904761,0.00039901621863336947,0.7733333333333333,0.00024426325386176764,0.16883745883745885,0.9993569905783646,0.32432432432432434,0.293271995399655,0.36273115220483637,0.27060558829722015,0.32341050759089046,0.22642240341280487,1004.6965860418242,0.6764798740592539,0.8427669085337284,
Bird,343,1.2325581395348837,8.767441860465116,5.744186046511628,19372.25581395349,6.976744186046512,19388.0,0.34935395170900685,0.6417696058371885,0.47026240560846727,0.14660109514781275,1.2325581395348837,8.767441860465116,5.744186046511628,19372.25581395349,0.1777408637873754,0.999547627394799,0.12325581395348836,0.9997035717800336,0.8222591362126245,0.0004523726052009232,0.8767441860465117,0.0002964282199665408,0.08667475934917795,0.9992515149625038,0.23175381263616557,0.20908281084044267,0.2600045866299736,0.14762070586380782,0.1772884911821745,0.12295938573352186,478.828771818805,0.8226440674137432,0.6418236246061703,
Bookset,160,1.55,8.45,5.45,19372.55,7.0,19388.0,0.24140932122111464,0.7481280745287536,0.44343132869920165,0.16669329876451833,1.55,8.45,5.45,19372.55,0.22142857142857145,0.9995640059852432,0.155,0.999718753225307,0.7785714285714286,0.00043599401475672046,0.845,0.00028124677469295076,0.10936813186813188,0.9992830616876418,0.2605042016806723,0.23556231003039513,0.29135338345864653,0.1849099674152601,0.22099257741381476,0.15471875322530707,605.3815759637189,0.778924662267248,0.7313447390187628,
Bottle,239,3.466666666666667,6.533333333333333,3.6,19374.4,6.966666666666667,19388.0,0.7254845586705199,0.75144441898652,0.574755829113363,0.40222934422204415,3.466666666666667,6.533333333333333,3.6,19374.4,0.48095238095238096,0.9996629006235298,0.3466666666666667,0.9998142223139642,0.5190476190476191,0.0003370993764701631,0.6533333333333334,0.0001857776860357106,0.29789904539904544,0.9994773399353553,0.5029813094828575,0.4586258262170116,0.5574170934582833,0.4078011135154434,0.48061528157591077,0.34648088898063095,2684.763813303099,0.5192673708684002,0.733387113198661,
BuildingNonResidential,330,0.4523809523809524,9.547619047619047,6.404761904761905,19371.595238095237,6.857142857142857,19388.0,0.18374893650060675,0.531399360917053,0.41190547042201464,0.05181055590163066,0.4523809523809524,9.547619047619047,6.404761904761905,19371.595238095237,0.06575963718820861,0.9995073758939993,0.045238095238095244,0.9996694828204788,0.9342403628117915,0.0004926241060006761,0.9547619047619048,0.0003305171795212047,0.029506802721088438,0.9991772033756767,0.15,0.13506012950971324,0.16873065015479874,0.05412250270200828,0.06526701308220792,0.044907578058574066,151.55119137602128,0.934704436542249,0.5146959600920324,
Bus,156,0.9,9.1,5.9,19372.1,6.8,19388.0,0.1406218144767196,0.7410561142309869,0.3944223437247209,0.10485507578314308,0.9,9.1,5.9,19372.1,0.13452380952380952,0.9995304726427925,0.09,0.9996955310145526,0.8654761904761905,0.000469527357207587,0.9099999999999999,0.00030446898544741455,0.06083333333333333,0.9992263255622035,0.195855614973262,0.17513245311580186,0.22234731213059386,0.10958680242004921,0.13405428216660192,0.0896955310145526,323.38799130763414,0.8658895912878626,0.7252941752644638,
Car,702,4.247191011235955,5.752808988764045,3.2247191011235956,19374.775280898877,6.887640449438202,19388.0,2.7453589685760127,0.8085354383300916,0.6781987517738516,0.4494276816983541,4.247191011235955,5.752808988764045,3.2247191011235956,19374.775280898877,0.5345104333868379,0.9997031731058899,0.42471910112359545,0.9998335886520217,0.46548956661316215,0.0002968268941100578,0.5752808988764045,0.00016641134797830507,0.3797684525212615,0.9995369544001501,0.5234165376676987,0.4910680067586702,0.5629100724958176,0.4747860667888166,0.5342136064927279,0.42455268977561716,4236.374018306509,0.46568358656243297,0.7991629093265654,
Cellphone,159,1.35,8.65,5.6,19372.4,6.95,19388.0,0.252570232617888,0.6924317617866005,0.45168107225374116,0.17624754267800166,1.35,8.65,5.6,19372.4,0.19285714285714284,0.9995536879313314,0.135,0.9997110124883889,0.8071428571428572,0.0004463120686687292,0.865,0.00028898751161110536,0.09386675824175825,0.9992650092840932,0.24434389140271492,0.220949263502455,0.2732793522267206,0.16099651220363215,0.19241083078847415,0.1347110124883889,510.34435941043085,0.8075152654563007,0.6874900962082626,
Chess,335,2.3095238095238093,7.690476190476191,4.666666666666667,19373.333333333332,6.976190476190476,19388.0,0.7995375924155123,0.788768398356533,0.5806804534161424,0.32993180166317126,2.3095238095238093,7.690476190476191,4.666666666666667,19373.333333333332,0.3299319727891156,0.9996031957119794,0.23095238095238094,0.9997591770736575,0.6700680272108843,0.0003968042880206349,0.769047619047619,0.00024082292634258783,0.17269179233464949,0.9993626396298152,0.31699346405228757,0.28664302600472813,0.35453216374269003,0.2757310061183286,0.32953516850109504,0.23071155802603838,1053.440327718389,0.6703531626539649,0.7730613486759037,
City,215,1.5925925925925926,8.407407407407407,5.37037037037037,19372.62962962963,6.962962962962963,19388.0,0.3175307756467902,0.756043939162977,0.4849650227272513,0.2391410870770661,1.5925925925925926,8.407407407407407,5.37037037037037,19372.62962962963,0.22927689594356263,0.9995662044208132,0.15925925925925924,0.9997228625053993,0.7707231040564374,0.0004337955791867527,0.8407407407407407,0.0002771374946005971,0.11514380681047348,0.9992893657015794,0.22058823529411764,0.19909101878293048,0.24734149952887333,0.19071361623513264,0.22884310036437588,0.1589821217646587,667.9681069958848,0.7710730682481213,0.7280148270516491,
ClassicPiano,157,0.85,9.15,6.0,19372.0,6.85,19388.0,0.13475751896913998,0.6354120412694266,0.3912096664990196,0.12442342583901884,0.85,9.15,6.0,19372.0,0.12380952380952379,0.9995278918648143,0.085,0.9996903705232738,0.8761904761904761,0.0004721081351856042,0.915,0.0003096294767261843,0.055208333333333325,0.9992185888178255,0.15497737556561086,0.13947199886145306,0.17444629673731837,0.10216981852864508,0.1233374156743382,0.08469037052327384,282.0005291005291,0.8766082396794088,0.6194190501066562,
Computer,264,2.1515151515151514,7.848484848484849,4.848484848484849,19373.151515151516,7.0,19388.0,0.4173054464351068,0.6641726516726517,0.5100109493057181,0.2970461453693912,2.1515151515151514,7.848484848484849,4.848484848484849,19373.151515151516,0.30735930735930733,0.9995950423172961,0.21515151515151518,0.9997497943622414,0.6926406926406926,0.00040495768270392904,0.7848484848484848,0.00025020563775853276,0.15381701631701633,0.9993451119405318,0.26944971537001894,0.24365133836650651,0.30135823429541586,0.2568363130603724,0.30695434967660346,0.21490130951375663,864.6405723905723,0.692933424807572,0.6279538199992745,
ComputerKeyboard,157,4.9,5.1,2.4,19375.6,6.85,19388.0,0.912527464408614,0.8694995864350703,0.6560411216230326,0.5175939913051988,4.9,5.1,2.4,19375.6,0.6440476190476191,0.9997368574135773,0.49000000000000005,0.9998761482093096,0.35595238095238096,0.00026314258642260656,0.51,0.00012385179069047372,0.4609527972027972,0.9996131627811018,0.6157096854336276,0.5704262381281014,0.6710581512035274,0.560337205876992,0.6437844764611965,0.48987614820930947,6220.222883597884,0.3561074238811562,0.8433502024291497,
Cup,237,0.8333333333333334,9.166666666666666,6.066666666666666,19371.933333333334,6.9,19388.0,0.1442388012932843,0.5924776606713256,0.39160205119606667,0.0837528410366637,0.8333333333333334,9.166666666666666,6.066666666666666,19371.933333333334,0.12222222222222222,0.9995270304962779,0.08333333333333333,0.9996869301957546,0.8777777777777778,0.0004729695037221494,0.9166666666666666,0.0003130698042453641,0.05632783882783883,0.9992142906265044,0.17474048442906576,0.15698971540512596,0.19714077581496992,0.10049454374857444,0.12174925271850007,0.083020263529088,300.6180964978584,0.8782001746662349,0.5818071944094398,
DeskLamp,247,1.3870967741935485,8.612903225806452,5.612903225806452,19372.387096774193,6.967741935483871,19388.0,0.330347112856058,0.6980625505358475,0.4539692520200533,0.1612231155812115,1.3870967741935485,8.612903225806452,5.612903225806452,19372.387096774193,0.19815668202764974,0.9995556006797479,0.13870967741935483,0.9997103466185464,0.8018433179723502,0.0004443993202521258,0.8612903225806451,0.00028965338145352725,0.1103258300838946,0.9992662571460897,0.3891402714932127,0.3518821603927987,0.43522267206477727,0.16543076776992335,0.19771228270739766,0.13842002403790135,732.5822361202546,0.8022287005092229,0.6804223027961717,
DeskPhone,160,1.1,8.9,5.9,19372.1,7.0,19388.0,0.17302875651876573,0.7074039005702842,0.41661051399124194,0.14161327413431551,1.1,8.9,5.9,19372.1,0.15714285714285714,0.9995407873690727,0.11000000000000001,0.9996955310145526,0.8428571428571429,0.00045921263092719674,0.89,0.00030446898544741455,0.07309523809523809,0.9992366412213741,0.18487394957983191,0.16717325227963525,0.20676691729323302,0.13110108918705268,0.15668364451192995,0.10969553101455261,380.1488662131519,0.8432509393683206,0.6789512864045971,
Door,336,3.0476190476190474,6.9523809523809526,3.9761904761904763,19374.02380952381,7.0,19388.0,0.6259179154881599,0.587865906980081,0.5400267480973356,0.39234545776659485,3.0476190476190474,6.9523809523809526,3.9761904761904763,19374.02380952381,0.43197278911564624,0.9996412783958771,0.3047619047619048,0.9997948090372488,0.5680272108843537,0.0003587216041228085,0.6952380952380952,0.00020519096275108245,0.2518496384567813,0.9994363229096054,0.38478297301826714,0.34869976359338056,0.4292783240151661,0.3625170127923145,0.4316140675115235,0.3045567137991537,1828.7939882302128,0.5682670482968304,0.5783540590252415,
Drum,159,1.3,8.7,5.65,19372.35,6.95,19388.0,0.2471125777716941,0.712963083888381,0.4422889778309164,0.15767654439654782,1.3,8.7,5.65,19372.35,0.1869047619047619,0.9995511079519849,0.13,0.9997084322427495,0.8130952380952381,0.00044889204801515793,0.8699999999999999,0.00029156775725049024,0.0927014652014652,0.9992598514545079,0.2555147058823529,0.23068917668825162,0.2863777089783281,0.1554966205777666,0.18645586985674675,0.12970843224274953,519.5010865457294,0.8134752079904061,0.7149817160767924,
Fish,160,5.35,4.65,1.8,19376.2,7.0,19388.0,1.1221689651383921,0.9652093944538768,0.756924560904952,0.6063050356236785,5.35,4.65,1.8,19376.2,0.7428571428571429,0.9997600735008577,0.5349999999999999,0.999907111156982,0.2571428571428571,0.000239926499142261,0.465,9.28888430178553e-05,0.48537191974691973,0.9996673199917474,0.6215686274509803,0.5664893617021276,0.6889097744360902,0.6300276225885942,0.7426172163580007,0.5349071111569821,4239.244075963719,0.25722912830637656,0.9628772147490313,
FloorLamp,199,0.44,9.56,6.52,19371.48,6.96,19388.0,0.08110679100628791,0.6041276419394944,0.3556960446144491,0.050580471633544885,0.44,9.56,6.52,19371.48,0.06285714285714286,0.9995067344635316,0.044000000000000004,0.9996635359686242,0.937142857142857,0.000493265536468444,0.956,0.000336464031375787,0.02783333333333333,0.9991706210026821,0.12941176470588237,0.11702127659574468,0.1447368421052631,0.052182682541964266,0.0623638773206744,0.043663535968624254,138.43571428571428,0.9376077544987937,0.5962865036607268,
Glasses,152,3.6315789473684212,6.368421052631579,3.473684210526316,19374.526315789473,7.0,19388.0,0.6393966339684178,0.8251452318269837,0.5987952649709893,0.43064673392096403,3.6315789473684212,6.368421052631579,3.473684210526316,19374.526315789473,0.5037593984962406,0.9996714087774393,0.36315789473684207,0.9998207408292638,0.4962406015037594,0.00032859122256061885,0.6368421052631579,0.00017925917073621198,0.3119516448463817,0.9994923609829195,0.5003869969040248,0.4563341293964394,0.554562356979405,0.42712657268729426,0.5034308072736801,0.3629786355661059,2918.956916099773,0.496446302584843,0.8030873111210101,
Guitar,159,1.0,9.0,5.95,19372.05,6.95,19388.0,0.2559364429172065,0.8662313351617257,0.4504174617741795,0.11435068223610816,1.0,9.0,5.95,19372.05,0.14285714285714285,0.9995356290076431,0.1,0.9996929507689132,0.8571428571428571,0.00046437099235687736,0.9,0.00030704923108679943,0.07044184981684982,0.9992289044769962,0.23529411764705882,0.2127659574468085,0.26315789473684204,0.11914516247058193,0.142392771864786,0.09969295076891323,390.03713151927434,0.8575536193359781,0.8615581602890601,
Gun,463,1.6379310344827587,8.362068965517242,5.344827586206897,19372.655172413793,6.982758620689655,19388.0,0.648744969324227,0.7198292384104277,0.527187981934657,0.1739239777788331,1.6379310344827587,8.362068965517242,5.344827586206897,19372.655172413793,0.2344006568144499,0.9995685433693045,0.16379310344827586,0.9997241806385485,0.7655993431855501,0.00043145663069557594,0.8362068965517241,0.00027581936145148605,0.11623089554124037,0.9992930216344272,0.266281512605042,0.24068322981366458,0.29798761609907115,0.19559002674734643,0.23396920018375436,0.16351728408682437,647.7890407120702,0.7659439677803025,0.7153986990628283,
Hand,292,3.2162162162162162,6.783783783783784,3.675675675675676,19374.324324324323,6.891891891891892,19388.0,0.8671907309056971,0.8155582696399023,0.6186707196090366,0.4481485362604442,3.2162162162162162,6.783783783783784,3.675675675675676,19374.324324324323,0.46846846846846846,0.9996499794887593,0.3216216216216216,0.9998103170773209,0.5315315315315314,0.000350020511240696,0.6783783783783784,0.0001896829226791039,0.25342810342810346,0.9994605189055366,0.38116057233704287,0.3430257269295197,0.4290435946782695,0.387775610486584,0.46811844795722785,0.3214319386989425,1633.2068394925539,0.5317366055034268,0.8043955287277326,
Hat,120,0.7333333333333333,9.266666666666667,6.266666666666667,19371.733333333334,7.0,19388.0,0.1323642161203468,0.7714580508224752,0.3855998187885472,0.08092144531592033,0.7333333333333333,9.266666666666667,6.266666666666667,19371.733333333334,0.10476190476190476,0.9995218684966376,0.07333333333333333,0.999676609213197,0.8952380952380953,0.0004781315033623996,0.9266666666666666,0.00032339078680290365,0.0475,0.9991988171377485,0.16176470588235295,0.14627659574468085,0.1809210526315789,0.08725681803814292,0.10428377325854236,0.07300994254653045,240.9806878306878,0.8956707369012503,0.7762498280368688,
Helicopter,405,3.372549019607843,6.627450980392157,3.6470588235294117,19374.352941176472,6.9411764705882355,19388.0,1.4608679475528112,0.8805472452910783,0.6477017640262184,0.3888307337152601,3.372549019607843,6.627450980392157,3.6470588235294117,19374.352941176472,0.47572362278244634,0.9996580444841473,0.3372549019607843,0.9998117938474801,0.5242763772175537,0.00034195551585263243,0.6627450980392157,0.00018820615251983753,0.28072434101845867,0.9994700582935877,0.4371373072493681,0.39679621194896325,0.487016914018617,0.4000785464796476,0.47538166726659375,0.3370666958082645,2283.3033546752035,0.5244897676317508,0.8787202692013496,
House,367,1.2608695652173914,8.73913043478261,5.717391304347826,19372.282608695652,6.978260869565218,19388.0,0.30740558952912694,0.5367480975231448,0.45609153965585586,0.14816343806940405,1.2608695652173914,8.73913043478261,5.717391304347826,19372.282608695652,0.18064182194616976,0.9995490882647823,0.12608695652173912,0.999704954520366,0.8193581780538303,0.0004509117352176331,0.8739130434782609,0.00029504547963400896,0.08616519350215002,0.9992543572447323,0.2069964349376114,0.1870462254366047,0.231729055258467,0.15054601520117492,0.18019091021095215,0.12579191104210513,461.8508618423214,0.8197372400568356,0.535407521325373,
HumanHead,406,6.7254901960784315,3.2745098039215685,1.0,19377.0,6.96078431372549,19388.0,2.678907024611609,0.8960904244395705,0.7680930238282971,0.7033047942648046,6.7254901960784315,3.2745098039215685,1.0,19377.0,0.8557422969187676,0.9998310443718714,0.6725490196078431,0.9999483950872123,0.14425770308123248,0.00016895562812852433,0.32745098039215687,5.1604912787697385e-05,0.6447946661181956,0.9997795280687063,0.7644453044375645,0.7146676357869697,0.8248026075418725,0.7566430627278077,0.855573341290639,0.6724974146950554,7138.463051146386,0.14430693346979667,0.886871702047503,
Humanoid,1131,5.845070422535211,4.154929577464789,1.9577464788732395,19376.042253521126,6.964788732394366,19388.0,5.7375106069129105,0.8110933373985479,0.7544289606358047,0.6093623439585233,5.845070422535211,4.154929577464789,1.9577464788732395,19376.042253521126,0.7181421864520456,0.9997856172671601,0.5845070422535211,0.9998989706636974,0.2818578135479544,0.0002143827328400029,0.4154929577464789,0.00010102933630267516,0.5588356772335646,0.999684718585912,0.6847792210143522,0.6463993149442732,0.7306688543175912,0.6461653907090786,0.7179278037192057,0.5844060129172184,6461.115083936801,0.2819776619939495,0.7943646494058478,
Insect,519,1.9692307692307693,8.03076923076923,5.015384615384615,19372.984615384616,6.984615384615385,19388.0,0.8015394961443093,0.7105566631009109,0.5502851572608171,0.22182982526275555,1.9692307692307693,8.03076923076923,5.015384615384615,19372.984615384616,0.2816849816849817,0.9995856373723261,0.19692307692307692,0.9997411815143264,0.7183150183150183,0.0004143626276739197,0.8030769230769231,0.0002588184856736823,0.14256109275340045,0.999327101617178,0.2790032679738562,0.2522098879638195,0.3121775025799793,0.2351874443835421,0.28127061905730777,0.19666425843740323,818.8951450665736,0.7186284248297391,0.6986096388861875,
Jet,1103,4.782608695652174,5.217391304347826,2.572463768115942,19375.427536231884,6.992753623188406,19388.0,5.253167825000945,0.8445235467001504,0.7431058723530268,0.5134551510532085,4.782608695652174,5.217391304347826,2.572463768115942,19375.427536231884,0.6318150448585231,0.9997307977655981,0.4782608695652174,0.9998672482315968,0.36818495514147687,0.00026920223440190773,0.5217391304347826,0.0001327517684031346,0.4326328562741606,0.9995982125504196,0.5673732943469786,0.5246099252640815,0.619245839935031,0.5486335004450176,0.6315458426241213,0.4781281177968143,4520.952063661285,0.36832994185148676,0.8275227262713395,
Knife,192,0.875,9.125,6.125,19371.875,7.0,19388.0,0.231203519933436,0.8278265072103551,0.44057273386111384,0.09249170776081576,0.875,9.125,6.125,19371.875,0.125,0.9995291780609876,0.08750000000000001,0.9996839199091753,0.875,0.0004708219390124348,0.9125,0.0003160800908246465,0.059002976190476196,0.9992134309882402,0.22459893048128343,0.20309477756286265,0.2511961722488038,0.10419665007294897,0.12452917806098757,0.08718391990917536,310.3816609977324,0.8754203504346361,0.7973874345104442,
MilitaryVehicle,158,3.3,6.7,3.6,19374.4,6.9,19388.0,0.55779651281436,0.8744580122763483,0.5843339463933124,0.3769399322369514,3.3,6.7,3.6,19374.4,0.4809523809523809,0.9996543022009472,0.33,0.9998142223139643,0.5190476190476191,0.0003456977990528027,0.67,0.0001857776860357106,0.26681714119214117,0.999468743552713,0.434640522875817,0.3910987768527084,0.4893360853113175,0.3980009006115884,0.48060668315332816,0.3298142223139643,1778.2508219954648,0.5192526166358415,0.867678594749902,
Monitor,160,0.9,9.1,6.1,19371.9,7.0,19388.0,0.11355599625200641,0.4970310391363023,0.36193269889083907,0.10663598470742916,0.9,9.1,6.1,19371.9,0.12857142857142856,0.9995304679841082,0.09,0.9996852100319951,0.8714285714285713,0.0004695320158918529,0.9099999999999999,0.0003147899680049541,0.06222985347985348,0.9992160099030329,0.21176470588235294,0.19148936170212766,0.23684210526315783,0.10718603219673825,0.12810189655553672,0.08968521003199507,337.8490646258503,0.8718481849737925,0.5174530930303426,
Monoplane,159,1.65,8.35,5.3,19372.7,6.95,19388.0,0.20118211748642273,0.8263625876104654,0.43750018228077014,0.16169087482694328,1.65,8.35,5.3,19372.7,0.23809523809523808,0.9995691667425677,0.165,0.9997264939622251,0.7619047619047619,0.00043083325743227454,0.835,0.00027350603777479617,0.11505494505494504,0.9992959562616051,0.2292387543252595,0.2067802143984328,0.25723911855763976,0.19782684293252983,0.23766440483780588,0.16472649396222522,629.829648526077,0.76224373416241,0.8191274868312219,
Motorcycle,207,2.1538461538461537,7.846153846153846,4.8076923076923075,19373.19230769231,6.961538461538462,19388.0,0.5196101284842034,0.8668478122209465,0.5546726951895824,0.29490235892161454,2.1538461538461537,7.846153846153846,4.8076923076923075,19373.19230769231,0.31043956043956045,0.9995951633065687,0.21538461538461537,0.9997518994577514,0.6895604395604396,0.0004048366934312371,0.7846153846153847,0.0002481005422485451,0.1647267796306258,0.9993473361793973,0.3147759103641456,0.2840183251839126,0.3530886038625976,0.2582213661312675,0.3100347237461292,0.21513651484236684,1026.438492063492,0.6898634950423571,0.8585350368473215,
Mug,207,2.6153846153846154,7.384615384615385,4.346153846153846,19373.653846153848,6.961538461538462,19388.0,0.5142127950557651,0.8099738487051921,0.5273837356141224,0.27805038054613235,2.6153846153846154,7.384615384615385,4.346153846153846,19373.653846153848,0.37820512820512825,0.9996189770670945,0.26153846153846155,0.9997757171098074,0.6217948717948718,0.00038102293290551495,0.7384615384615384,0.00022428289019268478,0.2183590448013525,0.999394946914031,0.42298761609907115,0.38134768002337016,0.47498777904513606,0.31414668629616693,0.3778241052722227,0.2613141786482689,1546.2099467992325,0.6220727826518678,0.8039852512585004,
MultiSeat,358,2.2222222222222223,7.777777777777778,4.7555555555555555,19373.244444444445,6.955555555555556,19388.0,0.6910603030323951,0.7232316900724758,0.5400531863948912,0.25346290100019553,2.2222222222222223,7.777777777777778,4.7555555555555555,19373.244444444445,0.3164021164021164,0.9995986914129061,0.2222222222222222,0.9997545899702984,0.6835978835978836,0.00040130858709385586,0.7777777777777778,0.00024541002970149424,0.17048275798275797,0.9993535520253077,0.32616194625998546,0.29527272415801553,0.364432322636657,0.2647707837053036,0.31600080781502254,0.22197681219252072,1131.1600781053162,0.6838967877383382,0.7097967556889414,
Musical_Instrument,166,1.4285714285714286,8.571428571428571,5.476190476190476,19372.52380952381,6.904761904761905,19388.0,0.21503852373550586,0.6283931280414524,0.42728870323033985,0.1646113689024346,1.4285714285714286,8.571428571428571,5.476190476190476,19372.52380952381,0.2074829931972789,0.9995577427994095,0.14285714285714285,0.9997174016680674,0.7925170068027211,0.0004422572005904993,0.8571428571428571,0.0002825983319326286,0.0973530437816152,0.9992754477487302,0.19730392156862744,0.1776904101140919,0.22187822497420015,0.17176136988305682,0.20704073599668843,0.14257454452521023,521.6224759745168,0.7928753637807198,0.628630815172573,
NonWheelChair,479,3.6,6.4,3.566666666666667,19374.433333333334,6.983333333333333,19388.0,1.5667023983773132,0.8036656640675115,0.63129881447583,0.37780884808518167,3.6,6.4,3.566666666666667,19374.433333333334,0.4884920634920635,0.9996697794592065,0.36000000000000004,0.9998159424777239,0.5115079365079365,0.00033022054079352427,0.64,0.00018405752227612068,0.3141829698079698,0.9994859363179974,0.496328689370485,0.45543053484113344,0.546239640020768,0.41863751584083436,0.48816184295127,0.35981594247772386,3278.10711766188,0.5117260297547729,0.7781944107868898,
PianoBoard,159,2.25,7.75,4.7,19373.3,6.95,19388.0,0.3547120441535269,0.6412030386139045,0.48231733002352967,0.28704321245863906,2.25,7.75,4.7,19373.3,0.3273809523809524,0.9996001244981458,0.225,0.9997574569098978,0.6726190476190477,0.00039987550185410043,0.775,0.00024254309010217774,0.17933836996336996,0.9993578502166288,0.41006787330316735,0.3691382622927489,0.46141938556799234,0.2710086317686121,0.3269810768790983,0.22475745690989785,1147.0471088435374,0.6729213377174152,0.6320782726045884,
PlantIndoors,504,2.109375,7.890625,4.765625,19373.234375,6.875,19388.0,0.8770768025928006,0.687256998769741,0.5587332087341268,0.26002126538225134,2.109375,7.890625,4.765625,19373.234375,0.3054315476190476,0.9995928708851486,0.2109375,0.9997540703374961,0.6945684523809523,0.00040712911485142703,0.7890625,0.0002459296625038704,0.1582100841866467,0.9993472121931092,0.3069852941176471,0.27667579876183024,0.34487377947130265,0.25344752151890043,0.3050244185041962,0.21069157033749614,947.4285419028722,0.6948720063433946,0.6757027231756313,
PlantWildNonTree,207,0.6538461538461539,9.346153846153847,6.3076923076923075,19371.69230769231,6.961538461538462,19388.0,0.14977206789395295,0.6986611812731216,0.40200435795963013,0.08039839027818248,0.6538461538461539,9.346153846153847,6.3076923076923075,19371.69230769231,0.0934065934065934,0.9995177682264997,0.06538461538461539,0.9996744920885698,0.9065934065934065,0.00048223177350016237,0.9346153846153846,0.0003255079114300912,0.043246336996336995,0.999192601291838,0.16666666666666666,0.15070921985815602,0.1864035087719298,0.0777533480384178,0.09292436163309324,0.06505910747318533,224.38755886970168,0.9070364497790421,0.6844661308840414,
Quadruped,452,4.43859649122807,5.56140350877193,2.8947368421052633,19375.105263157893,6.9298245614035086,19388.0,1.687109729515157,0.813675042288628,0.6490887812104961,0.4764354762513428,4.43859649122807,5.56140350877193,2.8947368421052633,19375.105263157893,0.5818713450292398,0.9997130487277905,0.443859649122807,0.9998506173577197,0.41812865497076024,0.00028695127220948995,0.5561403508771929,0.00014938264228017665,0.4076075240548925,0.999563846691207,0.5498060053981106,0.50963825720995,0.5986879085378211,0.5069632713203975,0.5815843937570303,0.44371026648052686,4912.315067892237,0.4183070371940712,0.8028357576892782,
RectangleTable,471,3.6271186440677967,6.372881355932203,3.440677966101695,19374.5593220339,6.983050847457627,19388.0,1.7583574295413915,0.7372096434096416,0.6371757836948438,0.38671693715001754,3.6271186440677967,6.372881355932203,3.440677966101695,19374.5593220339,0.5060532687651332,0.9996711790099693,0.36271186440677966,0.9998224441136287,0.4939467312348668,0.0003288209900307708,0.6372881355932204,0.00017755588637123,0.31811063230554754,0.9994938333339162,0.5083296476485331,0.46272829583418257,0.5643100653141282,0.4279867069723799,0.5057244477751024,0.3625343085204084,2769.027403051616,0.4941574598116274,0.7420207493601152,
Rocket,151,0.8947368421052632,9.105263157894736,6.052631578947368,19371.947368421053,6.947368421052632,19388.0,0.13757724212316672,0.7306544920935383,0.3915255763016397,0.1134887602874871,0.8947368421052632,9.105263157894736,6.052631578947368,19371.947368421053,0.12907268170426064,0.9995301976823432,0.08947368421052633,0.9996876544752324,0.8709273182957393,0.00046980231765683574,0.9105263157894737,0.0003123455247676421,0.06027568922305764,0.9992181816207529,0.20073529411764707,0.1810823311748381,0.2252321981424148,0.1070624511184663,0.1286028793866038,0.08916133868575869,317.8518419063532,0.87134436772207,0.7284399906302457,
RoundTable,288,1.6111111111111112,8.38888888888889,5.388888888888889,19372.61111111111,7.0,19388.0,0.4555595789437009,0.728046733542154,0.49723491456880364,0.18585730355327623,1.6111111111111112,8.38888888888889,5.388888888888889,19372.61111111111,0.23015873015873012,0.9995671591306492,0.1611111111111111,0.9997219068588663,0.7698412698412699,0.00043284086935085333,0.8388888888888889,0.0002780931411337026,0.11981166981166982,0.9992893657015794,0.2966751918158568,0.2682701202590194,0.3318077803203661,0.19221734594007842,0.22972588928937931,0.16083301796997743,714.7628810783573,0.7701956535698161,0.7155523505544321,
Shelf,344,1.3255813953488371,8.674418604651162,5.674418604651163,19372.325581395347,7.0,19388.0,0.34840491020146863,0.5932680903598998,0.4701827133536493,0.16129831772893097,1.3255813953488371,8.674418604651162,5.674418604651163,19372.325581395347,0.1893687707641196,0.9995524266753701,0.1325581395348837,0.999707172122786,0.8106312292358804,0.000447573324629852,0.8674418604651162,0.00029282787721391073,0.091111891983985,0.9992599114292705,0.2394957983193277,0.21656534954407294,0.2678571428571428,0.15807504881566312,0.18892119743948976,0.1322653116576698,489.04753994621103,0.8110047531777851,0.5780390987925162,
Ship,491,1.564516129032258,8.435483870967742,5.354838709677419,19372.645161290322,6.919354838709677,19388.0,0.6987667164418461,0.6679625667925508,0.5258528893937103,0.18735406239247346,1.564516129032258,8.435483870967742,5.354838709677419,19372.645161290322,0.22503840245775728,0.9995647569479721,0.1564516129032258,0.9997236640153949,0.7749615975422427,0.00043524305202793804,0.8435483870967742,0.00027633598460508925,0.11330423608649415,0.9992887186620257,0.29336349924585214,0.2648307597428782,0.3288481384456616,0.18726622135174564,0.2246031594057294,0.1561752769186207,646.4007601248384,0.775316282613831,0.6674290972707921,
Sign,72,0.4444444444444444,9.555555555555555,6.555555555555555,19371.444444444445,7.0,19388.0,0.05192936601382955,0.49014226247655635,0.2930899988155622,0.08236591661521096,0.4444444444444444,9.555555555555555,6.555555555555555,19371.444444444445,0.06349206349206349,0.9995069627183553,0.044444444444444446,0.9996617011272808,0.9365079365079365,0.0004930372816446807,0.9555555555555555,0.00033829887271934954,0.027777777777777776,0.9991690163445889,0.11764705882352941,0.10638297872340426,0.13157894736842102,0.05271284682991098,0.06299902621041881,0.044106145571725146,136.72663139329805,0.9369717199986286,0.5084447697319936,
Skyscraper,159,0.85,9.15,6.1,19371.9,6.95,19388.0,0.14212296345335979,0.5441687344913151,0.3892974207102783,0.13520557623043955,0.85,9.15,6.1,19371.9,0.12142857142857141,0.9995278894689197,0.085,0.9996852100319951,0.8785714285714287,0.0004721105310803695,0.915,0.0003147899680049541,0.05520833333333334,0.9992134309882402,0.16666666666666666,0.15070921985815602,0.1864035087719298,0.10120886972784611,0.12095646089749106,0.08468521003199506,280.71686507936505,0.8789910382333481,0.5085772278089766,
Spoon,152,0.9473684210526315,9.052631578947368,6.052631578947368,19371.947368421053,7.0,19388.0,0.16236215114041538,0.8015467219792626,0.41120584801702803,0.10887531052499395,0.9473684210526315,9.052631578947368,6.052631578947368,19371.947368421053,0.13533834586466165,0.9995329120489681,0.09473684210526316,0.9996876544752324,0.8646616541353382,0.0004670879510318027,0.9052631578947368,0.0003123455247676421,0.06325187969924811,0.9992208962679031,0.21176470588235294,0.19148936170212766,0.23684210526315783,0.11285012464181272,0.13487125791362986,0.09442449658049551,329.60884353741494,0.865073075489155,0.7969133759603712,
Starship,245,0.5483870967741935,9.451612903225806,6.354838709677419,19371.645161290322,6.903225806451613,19388.0,0.15367898753664297,0.6782918101773054,0.4019455869208574,0.05990094168656238,0.5483870967741935,9.451612903225806,6.354838709677419,19371.645161290322,0.07910906298003072,0.9995123283299301,0.05483870967741936,0.9996720591026073,0.9208909370199693,0.0004876716700699241,0.9451612903225807,0.00032794089739278663,0.035483870967741936,0.9991847301623219,0.15441176470588236,0.13929410090372163,0.17325553703262678,0.06545386939619995,0.07862139130996079,0.05451076878002659,180.28127666837344,0.9213439988407535,0.6552664567632185,
SubmachineGun,160,1.35,8.65,5.65,19372.35,7.0,19388.0,0.2502400088679021,0.8504712463540987,0.4530755405428953,0.14128501192408643,1.35,8.65,5.65,19372.35,0.19285714285714284,0.9995536866002785,0.135,0.9997084322427495,0.8071428571428572,0.0004463133997213766,0.865,0.00029156775725049024,0.0929441391941392,0.9992624303693006,0.226890756302521,0.20516717325227965,0.2537593984962406,0.16099491042494568,0.1924108294574215,0.1347084322427495,501.00544217687076,0.8075137908780222,0.853321144051195,
Sword,383,4.0625,5.9375,2.9791666666666665,19375.020833333332,6.979166666666667,19388.0,1.490649052399972,0.8587107555120329,0.6558051546185448,0.441045130099778,4.0625,5.9375,2.9791666666666665,19375.020833333332,0.5714285714285714,0.9996936434806695,0.40625,0.9998462603639866,0.42857142857142855,0.00030635651933046115,0.59375,0.00015373963601334847,0.3579240204240204,0.9995400935286431,0.5842131724484665,0.5305510092744136,0.6501831501831502,0.4814816934127711,0.571122214909241,0.40609626036398666,2892.9730371315195,0.42874687261512895,0.8417300494821806,
Tool,344,3.9767441860465116,6.023255813953488,3.697674418604651,19374.302325581397,7.0,19388.0,0.8770158784929702,0.7301118748222696,0.5639306187487816,0.4316044504278904,3.9767441860465116,6.023255813953488,3.697674418604651,19374.302325581397,0.4717607973421927,0.9996892176557292,0.3976744186046512,0.9998091818341106,0.5282392026578073,0.00031078234427090796,0.6023255813953488,0.00019081816588939265,0.3693273780483083,0.9994986109844977,0.5767543859649122,0.5499687907077725,0.6087722703497875,0.43170153954650153,0.47145001499792183,0.39748360043876174,3524.776199669057,0.5284827316690902,0.7056127635484981,
Train,237,0.6333333333333333,9.366666666666667,6.266666666666667,19371.733333333334,6.9,19388.0,0.1557034490896161,0.661673731240692,0.4039995344967567,0.08969902179327902,0.6333333333333333,9.366666666666667,6.266666666666667,19371.733333333334,0.09126984126984126,0.9995167113775237,0.06333333333333334,0.999676609213197,0.9087301587301587,0.00048328862247627605,0.9366666666666668,0.00032339078680290365,0.041923076923076924,0.9991936593081632,0.14950980392156862,0.1349059512796793,0.16769865841073267,0.07562174151483397,0.09078655264736499,0.06300994254653047,219.6177689594356,0.909174722660342,0.6468038212344548,
Tree,368,3.0869565217391304,6.913043478260869,3.9565217391304346,19374.043478260868,7.0,19388.0,0.8151132399044504,0.7223472363595237,0.5608218989321943,0.3326469186295856,3.0869565217391304,6.913043478260869,3.9565217391304346,19374.043478260868,0.43478260869565216,0.9996433079838407,0.30869565217391304,0.9997958240407094,0.5652173913043478,0.0003566920161592021,0.691304347826087,0.00020417595929045487,0.26703658660180396,0.9994393663494228,0.5030699148346206,0.4566946056307758,0.5601124022176653,0.3660054806944112,0.434425916679493,0.3084914762146226,2108.280624568668,0.5654684414698962,0.7158070133659844,
Truck,214,1.2962962962962963,8.703703703703704,5.62962962962963,19372.37037037037,6.925925925925926,19388.0,0.23217407905168588,0.6886616540287216,0.4422033058720416,0.17132282740604332,1.2962962962962963,8.703703703703704,5.62962962962963,19372.37037037037,0.18518518518518517,0.9995509176262457,0.12962962962962962,0.999709483453936,0.8148148148148148,0.00044908237375426035,0.8703703703703703,0.00029051654606407416,0.09084927418260752,0.9992607110927721,0.2287581699346405,0.20685579196217493,0.2558479532163742,0.15457564775708194,0.1847361028114309,0.12933911308356555,503.7725287645922,0.8151933686744518,0.6703152214619716,
TruckNonContainer,155,0.7,9.3,6.05,19371.95,6.75,19388.0,0.1878253600829624,0.8641232423490489,0.42078946789751637,0.06278481578672049,0.7,9.3,6.05,19371.95,0.10595238095238095,0.9995201545888804,0.07,0.9996877902776344,0.894047619047619,0.00047984541111959573,0.93,0.0003122097223655692,0.045267857142857144,0.9992082731586549,0.12952488687782807,0.11545577456770796,0.14765420338175755,0.08567334720842126,0.10547253554126135,0.06968779027763448,232.65376984126982,0.8944793330941794,0.8591691698228201,
Vase,152,0.42105263157894735,9.578947368421053,6.578947368421052,19371.42105263158,7.0,19388.0,0.1185247662720913,0.6644582725934306,0.37647460831880175,0.07036838369621222,0.42105263157894735,9.578947368421053,6.578947368421052,19371.42105263158,0.06015037593984962,0.9995057557727455,0.042105263157894736,0.9996604939948178,0.9398496240601504,0.0004942442272545819,0.9578947368421052,0.0003395060051822196,0.02675438596491228,0.9991666033248999,0.13445378151260504,0.12158054711246201,0.15037593984962402,0.04991576414098532,0.05965613171259503,0.04176575715271256,133.578320802005,0.9403169450439524,0.6392074592608454,
Violin,156,1.55,8.45,5.25,19372.75,6.8,19388.0,0.277133793108701,0.8436931348221671,0.47071452083300863,0.18866224233827572,1.55,8.45,5.25,19372.75,0.22380952380952382,0.9995640110432433,0.155,0.9997290742078645,0.7761904761904762,0.00043598895675666044,0.845,0.0002709257921354113,0.11362637362637362,0.9992933773468125,0.2816742081447964,0.2540382836405038,0.3161467015956179,0.185874119773432,0.22337353485276717,0.1547290742078646,657.7546107331821,0.7765477641199775,0.8155451438770623,
Wheel,136,1.1176470588235294,8.882352941176471,5.882352941176471,19372.117647058825,7.0,19388.0,0.16864393152062174,0.7312668561848532,0.41327676200902796,0.1553671271878787,1.1176470588235294,8.882352941176471,5.882352941176471,19372.117647058825,0.15966386554621848,0.9995416979030403,0.11176470588235295,0.9996964416894842,0.8403361344537814,0.0004583020969597271,0.888235294117647,0.000303558310515867,0.0762928248222366,0.999238461631816,0.20320855614973263,0.183752417794971,0.22727272727272724,0.13321124127443335,0.15920556344925876,0.1114611475718371,409.10274109643854,0.8407308867386089,0.7051503996889958,
WheelChair,157,3.0,7.0,3.85,19374.15,6.85,19388.0,0.6127316392307356,0.9295666274868312,0.5954440121403897,0.3315670853153265,3.0,7.0,3.85,19374.15,0.4404761904761905,0.9996388241883423,0.3,0.9998013210857672,0.5595238095238095,0.00036117581165766896,0.7,0.00019867891423263495,0.23959415584415583,0.9994403754899939,0.3753869969040247,0.3371634451531233,0.42365976861658794,0.36308766214822924,0.44011501466453284,0.2998013210857674,1539.5611678004534,0.5597521604752533,0.9153403204039877,
__overall_by_query__,19389,,,,,,,1.3121010081985816,0.7476109697179747,0.5538672336268624,0.30217661754624503,2.682526661197703,7.317473338802297,4.431091058244463,19373.568908941754,0.36241650064455644,0.9996224415158809,0.2682526661197703,0.9997713339323848,0.6375834993554436,0.0003775584841191578,0.7317473338802297,0.0002286660676150512,0.22763651101427967,0.99939402906968,0.40448113996081553,0.37177380677487426,0.4446821040271434,0.31096932967268304,0.3620389421604373,0.26802400005215526,1958.996526174035,0.6378704465310768,0.7634731472833203,0.7375504738067977
__macro_by_class__,69,2.165900256235247,7.834099743764755,4.875007862816262,19373.124992137185,6.949466880276011,19388.0,0.7151872715809803,0.7375504738067976,0.5083641225887786,0.2504152857866023,2.165900256235247,7.834099743764755,4.875007862816262,19373.124992137185,0.2983968995278869,0.9995957854556327,0.21659002562352464,0.9997484256443999,0.7016031004721132,0.0004042145443670763,0.7834099743764755,0.00025157435559997217,0.17731280779510813,0.9993444858878385,0.32279481329486104,0.2945272825991022,0.3577414141795103,0.253554178722678,0.29799268498351994,0.21633845126792475,1430.2357055017994,0.7019240171131673,,0.7375504738067977
