shape,class,num_vertices,num_faces,face_types,bounding_box,surface_area,compactness,rectangularity,diameter,convexity,eccentricity,A3_hist,A3_bins,D1_hist,D1_bins,D2_hist,D2_bins,D3_hist,D3_bins,D4_hist,D4_bins,shape_file,name,class_b
D00149_06_fill_holes_and_orientation.obj,,,,,,,,,,,,0.300679;0.096891;0.056736;0.045799;0.039435;0.036323;0.032480;0.030299;0.029719;0.035562;0.025106;0.022254;0.022354;0.023105;0.024155;0.027457;0.033251;0.037544;0.051492;0.029358,0.000000;0.158749;0.317497;0.476246;0.634994;0.793743;0.952492;1.111240;1.269989;1.428737;1.587486;1.746234;1.904983;2.063732;2.222480;2.381229;2.539977;2.698726;2.857475;3.016223;3.174972,0.013224;0.017513;0.053610;0.092209;0.069693;0.045390;0.024660;0.020014;0.035025;0.041101;0.038956;0.306648;0.205861;0.020014;0.014653;0.001430;0.000000;0.000000;0.000000;0.000000,0.000000;0.035662;0.071324;0.106986;0.142648;0.178310;0.213972;0.249634;0.285296;0.320958;0.356620;0.392282;0.427944;0.463606;0.499268;0.534930;0.570592;0.606254;0.641916;0.677578;0.713240,0.276570;0.096780;0.065570;0.057140;0.069010;0.121500;0.073720;0.028940;0.022240;0.020150;0.019410;0.021280;0.020810;0.018400;0.017280;0.017750;0.025910;0.023470;0.004070;0.000000,0.000000;0.052882;0.105763;0.158645;0.211527;0.264408;0.317290;0.370172;0.423053;0.475935;0.528817;0.581698;0.634580;0.687462;0.740343;0.793225;0.846107;0.898988;0.951870;1.004752;1.057634,0.172150;0.257090;0.294500;0.159820;0.083320;0.018590;0.008930;0.004740;0.000840;0.000020;0.000000;0.000000;0.000000;0.000000;0.000000;0.000000;0.000000;0.000000;0.000000;0.000000,0.000000;0.026508;0.053016;0.079524;0.106033;0.132541;0.159049;0.185557;0.212065;0.238573;0.265081;0.291589;0.318098;0.344606;0.371114;0.397622;0.424130;0.450638;0.477146;0.503654;0.530163,0.213350;0.476440;0.258450;0.045840;0.005670;0.000250;0.000000;0.000000;0.000000;0.000000;0.000000;0.000000;0.000000;0.000000;0.000000;0.000000;0.000000;0.000000;0.000000;0.000000,0.000000;0.015273;0.030547;0.045820;0.061094;0.076367;0.091640;0.106914;0.122187;0.137461;0.152734;0.168007;0.183281;0.198554;0.213827;0.229101;0.244374;0.259648;0.274921;0.290194;0.305468,,D00149_06_fill_holes_and_orientation.obj,Sword
D00188_06_fill_holes_and_orientation.obj,,,,,,,,,,,,0.076210;0.088616;0.091452;0.096202;0.063724;0.052600;0.074406;0.079888;0.073003;0.090500;0.069476;0.038290;0.027748;0.020002;0.016815;0.013969;0.010151;0.008808;0.006203;0.001934,0.000000;0.158749;0.317497;0.476246;0.634994;0.793743;0.952492;1.111240;1.269989;1.428737;1.587486;1.746234;1.904983;2.063732;2.222480;2.381229;2.539977;2.698726;2.857475;3.016223;3.174972,0.000000;0.002041;0.006122;0.004082;0.031633;0.022449;0.100000;0.010204;0.005102;0.239796;0.347959;0.075510;0.096939;0.011224;0.025510;0.021429;0.000000;0.000000;0.000000;0.000000,0.000000;0.035662;0.071324;0.106986;0.142648;0.178310;0.213972;0.249634;0.285296;0.320958;0.356620;0.392282;0.427944;0.463606;0.499268;0.534930;0.570592;0.606254;0.641916;0.677578;0.713240,0.030650;0.041720;0.049500;0.057690;0.056950;0.059250;0.106330;0.078750;0.056330;0.054780;0.031060;0.046650;0.145550;0.095900;0.044150;0.020050;0.014840;0.007160;0.001650;0.001040,0.000000;0.052882;0.105763;0.158645;0.211527;0.264408;0.317290;0.370172;0.423053;0.475935;0.528817;0.581698;0.634580;0.687462;0.740343;0.793225;0.846107;0.898988;0.951870;1.004752;1.057634,0.011930;0.032200;0.043000;0.047950;0.062770;0.071200;0.097010;0.081850;0.096160;0.083620;0.085300;0.081100;0.093890;0.067890;0.031840;0.008720;0.002950;0.000490;0.000120;0.000010,0.000000;0.026508;0.053016;0.079524;0.106033;0.132541;0.159049;0.185557;0.212065;0.238573;0.265081;0.291589;0.318098;0.344606;0.371114;0.397622;0.424130;0.450638;0.477146;0.503654;0.530163,0.018300;0.035980;0.056490;0.069390;0.084210;0.092200;0.099140;0.097280;0.098660;0.096790;0.076010;0.060870;0.043480;0.034340;0.022990;0.009270;0.003520;0.000750;0.000290;0.000040,0.000000;0.015273;0.030547;0.045820;0.061094;0.076367;0.091640;0.106914;0.122187;0.137461;0.152734;0.168007;0.183281;0.198554;0.213827;0.229101;0.244374;0.259648;0.274921;0.290194;0.305468,,D00188_06_fill_holes_and_orientation.obj,RectangleTable
D00674_06_fill_holes_and_orientation.obj,,,,,,,,,,,,0.086260;0.115721;0.102141;0.084209;0.074412;0.066637;0.061933;0.055309;0.052767;0.049625;0.044181;0.039598;0.035545;0.033814;0.030691;0.024717;0.018473;0.012239;0.008766;0.002962,0.000000;0.158749;0.317497;0.476246;0.634994;0.793743;0.952492;1.111240;1.269989;1.428737;1.587486;1.746234;1.904983;2.063732;2.222480;2.381229;2.539977;2.698726;2.857475;3.016223;3.174972,0.000000;0.067916;0.163544;0.081967;0.074551;0.076503;0.088603;0.070258;0.094457;0.155347;0.064793;0.000000;0.000000;0.019906;0.000000;0.000000;0.000000;0.042155;0.000000;0.000000,0.000000;0.035662;0.071324;0.106986;0.142648;0.178310;0.213972;0.249634;0.285296;0.320958;0.356620;0.392282;0.427944;0.463606;0.499268;0.534930;0.570592;0.606254;0.641916;0.677578;0.713240,0.041440;0.080990;0.101970;0.108720;0.114170;0.124220;0.123280;0.122130;0.039100;0.010750;0.023330;0.017420;0.015180;0.016800;0.010520;0.012940;0.010660;0.009520;0.016860;0.000000,0.000000;0.052882;0.105763;0.158645;0.211527;0.264408;0.317290;0.370172;0.423053;0.475935;0.528817;0.581698;0.634580;0.687462;0.740343;0.793225;0.846107;0.898988;0.951870;1.004752;1.057634,0.011200;0.053070;0.105550;0.147200;0.166310;0.161380;0.128980;0.097220;0.056720;0.025630;0.017770;0.012920;0.008540;0.004750;0.002160;0.000600;0.000000;0.000000;0.000000;0.000000,0.000000;0.026508;0.053016;0.079524;0.106033;0.132541;0.159049;0.185557;0.212065;0.238573;0.265081;0.291589;0.318098;0.344606;0.371114;0.397622;0.424130;0.450638;0.477146;0.503654;0.530163,0.016110;0.076920;0.152220;0.206740;0.209100;0.167680;0.101810;0.042850;0.018180;0.006700;0.001590;0.000100;0.000000;0.000000;0.000000;0.000000;0.000000;0.000000;0.000000;0.000000,0.000000;0.015273;0.030547;0.045820;0.061094;0.076367;0.091640;0.106914;0.122187;0.137461;0.152734;0.168007;0.183281;0.198554;0.213827;0.229101;0.244374;0.259648;0.274921;0.290194;0.305468,,D00674_06_fill_holes_and_orientation.obj,Spoon
D00764_06_fill_holes_and_orientation.obj,,,,,,,,,,,,0.225030;0.097190;0.056615;0.050601;0.046349;0.046199;0.049411;0.048600;0.050481;0.057916;0.042506;0.035682;0.030739;0.025536;0.024065;0.020743;0.020763;0.027177;0.031850;0.012548,0.000000;0.158749;0.317497;0.476246;0.634994;0.793743;0.952492;1.111240;1.269989;1.428737;1.587486;1.746234;1.904983;2.063732;2.222480;2.381229;2.539977;2.698726;2.857475;3.016223;3.174972,0.017713;0.023306;0.041019;0.117464;0.000000;0.040398;0.030764;0.047856;0.252952;0.288378;0.000000;0.000000;0.000000;0.010876;0.036047;0.017713;0.010566;0.040709;0.024239;0.000000,0.000000;0.035662;0.071324;0.106986;0.142648;0.178310;0.213972;0.249634;0.285296;0.320958;0.356620;0.392282;0.427944;0.463606;0.499268;0.534930;0.570592;0.606254;0.641916;0.677578;0.713240,0.128030;0.202310;0.136900;0.029910;0.055320;0.023070;0.043310;0.059380;0.080070;0.014250;0.010280;0.014950;0.007400;0.008730;0.014810;0.046370;0.043920;0.039340;0.041650;0.000000,0.000000;0.052882;0.105763;0.158645;0.211527;0.264408;0.317290;0.370172;0.423053;0.475935;0.528817;0.581698;0.634580;0.687462;0.740343;0.793225;0.846107;0.898988;0.951870;1.004752;1.057634,0.057750;0.174080;0.170370;0.172790;0.169060;0.120020;0.080420;0.037710;0.014320;0.003040;0.000430;0.000010;0.000000;0.000000;0.000000;0.000000;0.000000;0.000000;0.000000;0.000000,0.000000;0.026508;0.053016;0.079524;0.106033;0.132541;0.159049;0.185557;0.212065;0.238573;0.265081;0.291589;0.318098;0.344606;0.371114;0.397622;0.424130;0.450638;0.477146;0.503654;0.530163,0.062460;0.216730;0.265170;0.238490;0.143990;0.055990;0.014590;0.002440;0.000140;0.000000;0.000000;0.000000;0.000000;0.000000;0.000000;0.000000;0.000000;0.000000;0.000000;0.000000,0.000000;0.015273;0.030547;0.045820;0.061094;0.076367;0.091640;0.106914;0.122187;0.137461;0.152734;0.168007;0.183281;0.198554;0.213827;0.229101;0.244374;0.259648;0.274921;0.290194;0.305468,,D00764_06_fill_holes_and_orientation.obj,Rocket
D00807_06_fill_holes_and_orientation.obj,,,,,,,,,,,,0.313467;0.104526;0.053694;0.037801;0.030865;0.028924;0.030145;0.031486;0.032377;0.036720;0.027613;0.025171;0.023289;0.021568;0.020327;0.024470;0.029244;0.033367;0.055105;0.039843,0.000000;0.158749;0.317497;0.476246;0.634994;0.793743;0.952492;1.111240;1.269989;1.428737;1.587486;1.746234;1.904983;2.063732;2.222480;2.381229;2.539977;2.698726;2.857475;3.016223;3.174972,0.000000;0.000000;0.013725;0.014510;0.000000;0.000000;0.000000;0.131765;0.119216;0.073333;0.077647;0.198039;0.170196;0.000000;0.165490;0.036078;0.000000;0.000000;0.000000;0.000000,0.000000;0.035662;0.071324;0.106986;0.142648;0.178310;0.213972;0.249634;0.285296;0.320958;0.356620;0.392282;0.427944;0.463606;0.499268;0.534930;0.570592;0.606254;0.641916;0.677578;0.713240,0.291790;0.129750;0.175480;0.034940;0.005470;0.002330;0.008630;0.010590;0.003440;0.003510;0.007600;0.011840;0.002580;0.005820;0.017590;0.091280;0.038300;0.093010;0.066050;0.000000,0.000000;0.052882;0.105763;0.158645;0.211527;0.264408;0.317290;0.370172;0.423053;0.475935;0.528817;0.581698;0.634580;0.687462;0.740343;0.793225;0.846107;0.898988;0.951870;1.004752;1.057634,0.218030;0.317570;0.202310;0.168440;0.079050;0.008750;0.004820;0.001000;0.000030;0.000000;0.000000;0.000000;0.000000;0.000000;0.000000;0.000000;0.000000;0.000000;0.000000;0.000000,0.000000;0.026508;0.053016;0.079524;0.106033;0.132541;0.159049;0.185557;0.212065;0.238573;0.265081;0.291589;0.318098;0.344606;0.371114;0.397622;0.424130;0.450638;0.477146;0.503654;0.530163,0.320980;0.485810;0.175890;0.015580;0.001740;0.000000;0.000000;0.000000;0.000000;0.000000;0.000000;0.000000;0.000000;0.000000;0.000000;0.000000;0.000000;0.000000;0.000000;0.000000,0.000000;0.015273;0.030547;0.045820;0.061094;0.076367;0.091640;0.106914;0.122187;0.137461;0.152734;0.168007;0.183281;0.198554;0.213827;0.229101;0.244374;0.259648;0.274921;0.290194;0.305468,,D00807_06_fill_holes_and_orientation.obj,Sword
D00937_06_fill_holes_and_orientation.obj,,,,,,,,,,,,0.095660;0.122845;0.109303;0.098773;0.078474;0.052299;0.043291;0.035894;0.029718;0.034112;0.043221;0.046504;0.046994;0.057514;0.049426;0.028487;0.014213;0.008178;0.004024;0.001071,0.000000;0.158749;0.317497;0.476246;0.634994;0.793743;0.952492;1.111240;1.269989;1.428737;1.587486;1.746234;1.904983;2.063732;2.222480;2.381229;2.539977;2.698726;2.857475;3.016223;3.174972,0.000000;0.000000;0.000000;0.000000;0.000000;0.078733;0.171946;0.090950;0.087783;0.152036;0.187330;0.090950;0.000000;0.026244;0.000000;0.000000;0.032579;0.000000;0.000000;0.081448,0.000000;0.035662;0.071324;0.106986;0.142648;0.178310;0.213972;0.249634;0.285296;0.320958;0.356620;0.392282;0.427944;0.463606;0.499268;0.534930;0.570592;0.606254;0.641916;0.677578;0.713240,0.037460;0.063310;0.067210;0.077590;0.063330;0.055520;0.057170;0.054400;0.050380;0.053330;0.050950;0.048750;0.049980;0.061160;0.050600;0.028330;0.019530;0.023570;0.019080;0.068350,0.000000;0.052882;0.105763;0.158645;0.211527;0.264408;0.317290;0.370172;0.423053;0.475935;0.528817;0.581698;0.634580;0.687462;0.740343;0.793225;0.846107;0.898988;0.951870;1.004752;1.057634,0.010200;0.041510;0.067000;0.084300;0.094270;0.101350;0.094970;0.087740;0.083210;0.068810;0.050820;0.032480;0.026320;0.025190;0.022190;0.020280;0.018480;0.018060;0.015330;0.037490,0.000000;0.026508;0.053016;0.079524;0.106033;0.132541;0.159049;0.185557;0.212065;0.238573;0.265081;0.291589;0.318098;0.344606;0.371114;0.397622;0.424130;0.450638;0.477146;0.503654;0.530163,0.011830;0.046220;0.076960;0.101110;0.111790;0.116620;0.111650;0.102130;0.085470;0.067410;0.049270;0.038730;0.030090;0.022360;0.014410;0.008160;0.003300;0.001680;0.000600;0.000210,0.000000;0.015273;0.030547;0.045820;0.061094;0.076367;0.091640;0.106914;0.122187;0.137461;0.152734;0.168007;0.183281;0.198554;0.213827;0.229101;0.244374;0.259648;0.274921;0.290194;0.305468,,D00937_06_fill_holes_and_orientation.obj,Glasses
D01120_06_fill_holes_and_orientation.obj,,,,,,,,,,,,0.213052;0.116541;0.069346;0.059727;0.053171;0.046905;0.041880;0.034873;0.039998;0.048276;0.032481;0.026275;0.027376;0.029018;0.030419;0.027286;0.027736;0.034723;0.030569;0.010350,0.000000;0.158749;0.317497;0.476246;0.634994;0.793743;0.952492;1.111240;1.269989;1.428737;1.587486;1.746234;1.904983;2.063732;2.222480;2.381229;2.539977;2.698726;2.857475;3.016223;3.174972,0.000000;0.042300;0.035171;0.011407;0.058935;0.044202;0.055608;0.084601;0.080798;0.202947;0.320342;0.015684;0.012357;0.009506;0.007129;0.009506;0.007129;0.002376;0.000000;0.000000,0.000000;0.035662;0.071324;0.106986;0.142648;0.178310;0.213972;0.249634;0.285296;0.320958;0.356620;0.392282;0.427944;0.463606;0.499268;0.534930;0.570592;0.606254;0.641916;0.677578;0.713240,0.129760;0.261240;0.095010;0.062430;0.063150;0.036790;0.040860;0.035120;0.037480;0.037060;0.040320;0.031140;0.027390;0.025600;0.021980;0.019900;0.015260;0.011930;0.007570;0.000010,0.000000;0.052882;0.105763;0.158645;0.211527;0.264408;0.317290;0.370172;0.423053;0.475935;0.528817;0.581698;0.634580;0.687462;0.740343;0.793225;0.846107;0.898988;0.951870;1.004752;1.057634,0.088530;0.223340;0.202670;0.173310;0.144600;0.098170;0.049940;0.016490;0.002950;0.000000;0.000000;0.000000;0.000000;0.000000;0.000000;0.000000;0.000000;0.000000;0.000000;0.000000,0.000000;0.026508;0.053016;0.079524;0.106033;0.132541;0.159049;0.185557;0.212065;0.238573;0.265081;0.291589;0.318098;0.344606;0.371114;0.397622;0.424130;0.450638;0.477146;0.503654;0.530163,0.115120;0.274410;0.287080;0.203950;0.098630;0.020350;0.000460;0.000000;0.000000;0.000000;0.000000;0.000000;0.000000;0.000000;0.000000;0.000000;0.000000;0.000000;0.000000;0.000000,0.000000;0.015273;0.030547;0.045820;0.061094;0.076367;0.091640;0.106914;0.122187;0.137461;0.152734;0.168007;0.183281;0.198554;0.213827;0.229101;0.244374;0.259648;0.274921;0.290194;0.305468,,D01120_06_fill_holes_and_orientation.obj,Knife
D01139_06_fill_holes_and_orientation.obj,,,,,,,,,,,,0.182889;0.116778;0.090443;0.070952;0.058635;0.048422;0.040633;0.035884;0.033167;0.032442;0.029554;0.030087;0.031647;0.034404;0.037997;0.036719;0.032241;0.028709;0.021081;0.007316,0.000000;0.158749;0.317497;0.476246;0.634994;0.793743;0.952492;1.111240;1.269989;1.428737;1.587486;1.746234;1.904983;2.063732;2.222480;2.381229;2.539977;2.698726;2.857475;3.016223;3.174972,0.010274;0.010274;0.006849;0.013699;0.335616;0.380137;0.037671;0.085616;0.006849;0.006849;0.010274;0.013699;0.017123;0.023973;0.041096;0.000000;0.000000;0.000000;0.000000;0.000000,0.000000;0.035662;0.071324;0.106986;0.142648;0.178310;0.213972;0.249634;0.285296;0.320958;0.356620;0.392282;0.427944;0.463606;0.499268;0.534930;0.570592;0.606254;0.641916;0.677578;0.713240,0.262660;0.207600;0.070400;0.049950;0.048410;0.065950;0.064170;0.036990;0.038210;0.054940;0.051990;0.031970;0.004670;0.003340;0.004150;0.001400;0.000790;0.001290;0.001120;0.000000,0.000000;0.052882;0.105763;0.158645;0.211527;0.264408;0.317290;0.370172;0.423053;0.475935;0.528817;0.581698;0.634580;0.687462;0.740343;0.793225;0.846107;0.898988;0.951870;1.004752;1.057634,0.236360;0.257360;0.170050;0.108050;0.067570;0.042010;0.030840;0.025020;0.020330;0.014860;0.011500;0.007510;0.004140;0.002270;0.001270;0.000750;0.000100;0.000000;0.000010;0.000000,0.000000;0.026508;0.053016;0.079524;0.106033;0.132541;0.159049;0.185557;0.212065;0.238573;0.265081;0.291589;0.318098;0.344606;0.371114;0.397622;0.424130;0.450638;0.477146;0.503654;0.530163,0.300220;0.338720;0.189200;0.095960;0.049160;0.019730;0.005960;0.001020;0.000030;0.000000;0.000000;0.000000;0.000000;0.000000;0.000000;0.000000;0.000000;0.000000;0.000000;0.000000,0.000000;0.015273;0.030547;0.045820;0.061094;0.076367;0.091640;0.106914;0.122187;0.137461;0.152734;0.168007;0.183281;0.198554;0.213827;0.229101;0.244374;0.259648;0.274921;0.290194;0.305468,,D01139_06_fill_holes_and_orientation.obj,Door
D01143_06_fill_holes_and_orientation.obj,,,,,,,,,,,,0.236225;0.050485;0.041432;0.035911;0.047082;0.055212;0.057470;0.058364;0.067788;0.100086;0.072556;0.043529;0.027671;0.020094;0.017333;0.013941;0.013339;0.014814;0.015447;0.011221,0.000000;0.158749;0.317497;0.476246;0.634994;0.793743;0.952492;1.111240;1.269989;1.428737;1.587486;1.746234;1.904983;2.063732;2.222480;2.381229;2.539977;2.698726;2.857475;3.016223;3.174972,0.003401;0.030612;0.000000;0.005102;0.044218;0.000000;0.001701;0.777211;0.020408;0.000000;0.045918;0.000000;0.000000;0.008503;0.028912;0.000000;0.034014;0.000000;0.000000;0.000000,0.000000;0.035662;0.071324;0.106986;0.142648;0.178310;0.213972;0.249634;0.285296;0.320958;0.356620;0.392282;0.427944;0.463606;0.499268;0.534930;0.570592;0.606254;0.641916;0.677578;0.713240,0.245380;0.054670;0.051760;0.002820;0.024150;0.065270;0.008810;0.056210;0.012760;0.099050;0.277790;0.044470;0.020580;0.013850;0.015600;0.002000;0.000770;0.000650;0.000730;0.002680,0.000000;0.052882;0.105763;0.158645;0.211527;0.264408;0.317290;0.370172;0.423053;0.475935;0.528817;0.581698;0.634580;0.687462;0.740343;0.793225;0.846107;0.898988;0.951870;1.004752;1.057634,0.125750;0.119500;0.168470;0.194670;0.126380;0.045910;0.020340;0.013540;0.014880;0.038280;0.024750;0.009730;0.014480;0.045780;0.031320;0.002600;0.001240;0.001330;0.000760;0.000290,0.000000;0.026508;0.053016;0.079524;0.106033;0.132541;0.159049;0.185557;0.212065;0.238573;0.265081;0.291589;0.318098;0.344606;0.371114;0.397622;0.424130;0.450638;0.477146;0.503654;0.530163,0.129260;0.231330;0.221600;0.140950;0.085240;0.079580;0.059680;0.035910;0.011850;0.003720;0.000870;0.000010;0.000000;0.000000;0.000000;0.000000;0.000000;0.000000;0.000000;0.000000,0.000000;0.015273;0.030547;0.045820;0.061094;0.076367;0.091640;0.106914;0.122187;0.137461;0.152734;0.168007;0.183281;0.198554;0.213827;0.229101;0.244374;0.259648;0.274921;0.290194;0.305468,,D01143_06_fill_holes_and_orientation.obj,Door
D01160_06_fill_holes_and_orientation.obj,,,,,,,,,,,,0.132858;0.139172;0.086491;0.060826;0.050180;0.047618;0.045277;0.053762;0.058705;0.058615;0.047848;0.039593;0.033019;0.031839;0.027286;0.024414;0.022473;0.020682;0.015069;0.004273,0.000000;0.158749;0.317497;0.476246;0.634994;0.793743;0.952492;1.111240;1.269989;1.428737;1.587486;1.746234;1.904983;2.063732;2.222480;2.381229;2.539977;2.698726;2.857475;3.016223;3.174972,0.000956;0.005733;0.005256;0.008839;0.005733;0.000717;0.015528;0.279264;0.182274;0.030339;0.023172;0.014572;0.011228;0.316770;0.099618;0.000000;0.000000;0.000000;0.000000;0.000000,0.000000;0.035662;0.071324;0.106986;0.142648;0.178310;0.213972;0.249634;0.285296;0.320958;0.356620;0.392282;0.427944;0.463606;0.499268;0.534930;0.570592;0.606254;0.641916;0.677578;0.713240,0.209190;0.212880;0.091050;0.177560;0.212270;0.014880;0.006530;0.009770;0.007670;0.004300;0.007080;0.010620;0.004680;0.005680;0.009250;0.005850;0.002540;0.002310;0.005840;0.000050,0.000000;0.052882;0.105763;0.158645;0.211527;0.264408;0.317290;0.370172;0.423053;0.475935;0.528817;0.581698;0.634580;0.687462;0.740343;0.793225;0.846107;0.898988;0.951870;1.004752;1.057634,0.112940;0.299160;0.325160;0.156830;0.063070;0.022890;0.012460;0.005220;0.001910;0.000360;0.000000;0.000000;0.000000;0.000000;0.000000;0.000000;0.000000;0.000000;0.000000;0.000000,0.000000;0.026508;0.053016;0.079524;0.106033;0.132541;0.159049;0.185557;0.212065;0.238573;0.265081;0.291589;0.318098;0.344606;0.371114;0.397622;0.424130;0.450638;0.477146;0.503654;0.530163,0.133190;0.408240;0.333370;0.101760;0.020410;0.002960;0.000070;0.000000;0.000000;0.000000;0.000000;0.000000;0.000000;0.000000;0.000000;0.000000;0.000000;0.000000;0.000000;0.000000,0.000000;0.015273;0.030547;0.045820;0.061094;0.076367;0.091640;0.106914;0.122187;0.137461;0.152734;0.168007;0.183281;0.198554;0.213827;0.229101;0.244374;0.259648;0.274921;0.290194;0.305468,,D01160_06_fill_holes_and_orientation.obj,Knife
D01175_06_fill_holes_and_orientation.obj,,,,,,,,,,,,0.137223;0.154910;0.100055;0.066693;0.054284;0.047013;0.042316;0.038510;0.036216;0.037708;0.033983;0.035124;0.033232;0.031088;0.034433;0.035956;0.033332;0.026671;0.016155;0.005098,0.000000;0.158749;0.317497;0.476246;0.634994;0.793743;0.952492;1.111240;1.269989;1.428737;1.587486;1.746234;1.904983;2.063732;2.222480;2.381229;2.539977;2.698726;2.857475;3.016223;3.174972,0.037538;0.116366;0.126877;0.064565;0.038288;0.046547;0.063063;0.052553;0.083333;0.204204;0.114865;0.025526;0.005255;0.006006;0.010511;0.003003;0.001502;0.000000;0.000000;0.000000,0.000000;0.035662;0.071324;0.106986;0.142648;0.178310;0.213972;0.249634;0.285296;0.320958;0.356620;0.392282;0.427944;0.463606;0.499268;0.534930;0.570592;0.606254;0.641916;0.677578;0.713240,0.079970;0.211600;0.145470;0.096100;0.086270;0.087170;0.096880;0.081820;0.032380;0.012110;0.012020;0.009230;0.009520;0.009410;0.008570;0.010890;0.006920;0.002950;0.000720;0.000000,0.000000;0.052882;0.105763;0.158645;0.211527;0.264408;0.317290;0.370172;0.423053;0.475935;0.528817;0.581698;0.634580;0.687462;0.740343;0.793225;0.846107;0.898988;0.951870;1.004752;1.057634,0.038600;0.168120;0.250510;0.236530;0.153180;0.083830;0.030790;0.018860;0.011520;0.006090;0.001920;0.000050;0.000000;0.000000;0.000000;0.000000;0.000000;0.000000;0.000000;0.000000,0.000000;0.026508;0.053016;0.079524;0.106033;0.132541;0.159049;0.185557;0.212065;0.238573;0.265081;0.291589;0.318098;0.344606;0.371114;0.397622;0.424130;0.450638;0.477146;0.503654;0.530163,0.066430;0.219070;0.309380;0.246150;0.113390;0.033630;0.010810;0.001140;0.000000;0.000000;0.000000;0.000000;0.000000;0.000000;0.000000;0.000000;0.000000;0.000000;0.000000;0.000000,0.000000;0.015273;0.030547;0.045820;0.061094;0.076367;0.091640;0.106914;0.122187;0.137461;0.152734;0.168007;0.183281;0.198554;0.213827;0.229101;0.244374;0.259648;0.274921;0.290194;0.305468,,D01175_06_fill_holes_and_orientation.obj,Knife
m1097_06_fill_holes_and_orientation.obj,,,,,,,,,,,,0.125283;0.103705;0.094531;0.084803;0.075639;0.067510;0.060227;0.053708;0.046999;0.041003;0.037422;0.032674;0.027805;0.026175;0.023761;0.021980;0.020753;0.020803;0.019244;0.015975,0.000000;0.158749;0.317497;0.476246;0.634994;0.793743;0.952492;1.111240;1.269989;1.428737;1.587486;1.746234;1.904983;2.063732;2.222480;2.381229;2.539977;2.698726;2.857475;3.016223;3.174972,0.034161;0.080745;0.099379;0.121118;0.099379;0.189441;0.155280;0.093168;0.083851;0.015528;0.000000;0.000000;0.000000;0.021739;0.000000;0.000000;0.000000;0.000000;0.006211;0.000000,0.000000;0.035662;0.071324;0.106986;0.142648;0.178310;0.213972;0.249634;0.285296;0.320958;0.356620;0.392282;0.427944;0.463606;0.499268;0.534930;0.570592;0.606254;0.641916;0.677578;0.713240,0.055720;0.119320;0.165680;0.179230;0.161620;0.129640;0.076370;0.029860;0.013050;0.010230;0.009480;0.010040;0.009620;0.007620;0.007610;0.005610;0.004670;0.003000;0.001630;0.000000,0.000000;0.052882;0.105763;0.158645;0.211527;0.264408;0.317290;0.370172;0.423053;0.475935;0.528817;0.581698;0.634580;0.687462;0.740343;0.793225;0.846107;0.898988;0.951870;1.004752;1.057634,0.059260;0.140210;0.185420;0.183860;0.163750;0.120290;0.070970;0.033170;0.016550;0.010980;0.007220;0.004490;0.002650;0.001030;0.000150;0.000000;0.000000;0.000000;0.000000;0.000000,0.000000;0.026508;0.053016;0.079524;0.106033;0.132541;0.159049;0.185557;0.212065;0.238573;0.265081;0.291589;0.318098;0.344606;0.371114;0.397622;0.424130;0.450638;0.477146;0.503654;0.530163,0.783920;0.184620;0.031040;0.000420;0.000000;0.000000;0.000000;0.000000;0.000000;0.000000;0.000000;0.000000;0.000000;0.000000;0.000000;0.000000;0.000000;0.000000;0.000000;0.000000,0.000000;0.015273;0.030547;0.045820;0.061094;0.076367;0.091640;0.106914;0.122187;0.137461;0.152734;0.168007;0.183281;0.198554;0.213827;0.229101;0.244374;0.259648;0.274921;0.290194;0.305468,,m1097_06_fill_holes_and_orientation.obj,Tree
m1101_06_fill_holes_and_orientation.obj,,,,,,,,,,,,0.186763;0.096935;0.074373;0.067836;0.060920;0.055204;0.050810;0.045204;0.042912;0.054113;0.039839;0.030330;0.027987;0.027587;0.026046;0.025215;0.023984;0.023033;0.026486;0.014424,0.000000;0.158749;0.317497;0.476246;0.634994;0.793743;0.952492;1.111240;1.269989;1.428737;1.587486;1.746234;1.904983;2.063732;2.222480;2.381229;2.539977;2.698726;2.857475;3.016223;3.174972,0.020000;0.000000;0.000000;0.000000;0.000000;0.162381;0.168095;0.120952;0.138571;0.195238;0.090952;0.026190;0.000000;0.000000;0.000000;0.000000;0.000000;0.077619;0.000000;0.000000,0.000000;0.035662;0.071324;0.106986;0.142648;0.178310;0.213972;0.249634;0.285296;0.320958;0.356620;0.392282;0.427944;0.463606;0.499268;0.534930;0.570592;0.606254;0.641916;0.677578;0.713240,0.140010;0.225000;0.220890;0.120520;0.027270;0.011990;0.015390;0.009530;0.021140;0.011810;0.014960;0.008710;0.018620;0.010370;0.016670;0.024020;0.034300;0.025640;0.043160;0.000000,0.000000;0.052882;0.105763;0.158645;0.211527;0.264408;0.317290;0.370172;0.423053;0.475935;0.528817;0.581698;0.634580;0.687462;0.740343;0.793225;0.846107;0.898988;0.951870;1.004752;1.057634,0.107130;0.257200;0.239600;0.141470;0.077120;0.059150;0.045010;0.034710;0.020990;0.012210;0.005140;0.000270;0.000000;0.000000;0.000000;0.000000;0.000000;0.000000;0.000000;0.000000,0.000000;0.026508;0.053016;0.079524;0.106033;0.132541;0.159049;0.185557;0.212065;0.238573;0.265081;0.291589;0.318098;0.344606;0.371114;0.397622;0.424130;0.450638;0.477146;0.503654;0.530163,0.211570;0.432200;0.225650;0.101930;0.026980;0.001670;0.000000;0.000000;0.000000;0.000000;0.000000;0.000000;0.000000;0.000000;0.000000;0.000000;0.000000;0.000000;0.000000;0.000000,0.000000;0.015273;0.030547;0.045820;0.061094;0.076367;0.091640;0.106914;0.122187;0.137461;0.152734;0.168007;0.183281;0.198554;0.213827;0.229101;0.244374;0.259648;0.274921;0.290194;0.305468,,m1101_06_fill_holes_and_orientation.obj,Tool
m1176_06_fill_holes_and_orientation.obj,,,,,,,,,,,,0.184766;0.159212;0.092023;0.061049;0.048617;0.039275;0.033015;0.029154;0.027774;0.028194;0.025704;0.023713;0.024023;0.027224;0.031004;0.038485;0.046336;0.047567;0.027974;0.004891,0.000000;0.158749;0.317497;0.476246;0.634994;0.793743;0.952492;1.111240;1.269989;1.428737;1.587486;1.746234;1.904983;2.063732;2.222480;2.381229;2.539977;2.698726;2.857475;3.016223;3.174972,0.000000;0.034507;0.049829;0.042041;0.051095;0.061732;0.200329;0.131126;0.099215;0.081930;0.071926;0.065025;0.047360;0.040585;0.021780;0.001520;0.000000;0.000000;0.000000;0.000000,0.000000;0.035662;0.071324;0.106986;0.142648;0.178310;0.213972;0.249634;0.285296;0.320958;0.356620;0.392282;0.427944;0.463606;0.499268;0.534930;0.570592;0.606254;0.641916;0.677578;0.713240,0.049810;0.129220;0.116240;0.091340;0.074360;0.062240;0.052900;0.056100;0.067010;0.071050;0.058090;0.051070;0.040140;0.037060;0.021570;0.013050;0.006540;0.002070;0.000140;0.000000,0.000000;0.052882;0.105763;0.158645;0.211527;0.264408;0.317290;0.370172;0.423053;0.475935;0.528817;0.581698;0.634580;0.687462;0.740343;0.793225;0.846107;0.898988;0.951870;1.004752;1.057634,0.016970;0.082700;0.149940;0.183160;0.203210;0.194180;0.098490;0.027970;0.011860;0.007200;0.006670;0.006570;0.005450;0.003650;0.001500;0.000360;0.000110;0.000010;0.000000;0.000000,0.000000;0.026508;0.053016;0.079524;0.106033;0.132541;0.159049;0.185557;0.212065;0.238573;0.265081;0.291589;0.318098;0.344606;0.371114;0.397622;0.424130;0.450638;0.477146;0.503654;0.530163,0.027010;0.128670;0.227270;0.256420;0.208810;0.095110;0.027610;0.015580;0.008900;0.003330;0.000940;0.000280;0.000050;0.000020;0.000000;0.000000;0.000000;0.000000;0.000000;0.000000,0.000000;0.015273;0.030547;0.045820;0.061094;0.076367;0.091640;0.106914;0.122187;0.137461;0.152734;0.168007;0.183281;0.198554;0.213827;0.229101;0.244374;0.259648;0.274921;0.290194;0.305468,,m1176_06_fill_holes_and_orientation.obj,Jet
m1213_06_fill_holes_and_orientation.obj,,,,,,,,,,,,0.224213;0.116194;0.066617;0.055290;0.049227;0.042453;0.036950;0.036030;0.036430;0.046315;0.038221;0.033398;0.031207;0.029516;0.027265;0.026314;0.029556;0.034839;0.032858;0.007104,0.000000;0.158749;0.317497;0.476246;0.634994;0.793743;0.952492;1.111240;1.269989;1.428737;1.587486;1.746234;1.904983;2.063732;2.222480;2.381229;2.539977;2.698726;2.857475;3.016223;3.174972,0.002739;0.036355;0.028635;0.057022;0.051544;0.169074;0.141683;0.317231;0.076693;0.036604;0.018675;0.013197;0.017679;0.000000;0.023655;0.006474;0.002490;0.000249;0.000000;0.000000,0.000000;0.035662;0.071324;0.106986;0.142648;0.178310;0.213972;0.249634;0.285296;0.320958;0.356620;0.392282;0.427944;0.463606;0.499268;0.534930;0.570592;0.606254;0.641916;0.677578;0.713240,0.120840;0.144170;0.088240;0.060830;0.062290;0.071780;0.060370;0.052180;0.098060;0.093620;0.046200;0.030940;0.020230;0.019310;0.015240;0.011620;0.003590;0.000460;0.000030;0.000000,0.000000;0.052882;0.105763;0.158645;0.211527;0.264408;0.317290;0.370172;0.423053;0.475935;0.528817;0.581698;0.634580;0.687462;0.740343;0.793225;0.846107;0.898988;0.951870;1.004752;1.057634,0.051820;0.128180;0.172410;0.218210;0.220490;0.101290;0.040760;0.029650;0.021090;0.009830;0.004110;0.001720;0.000370;0.000060;0.000010;0.000000;0.000000;0.000000;0.000000;0.000000,0.000000;0.026508;0.053016;0.079524;0.106033;0.132541;0.159049;0.185557;0.212065;0.238573;0.265081;0.291589;0.318098;0.344606;0.371114;0.397622;0.424130;0.450638;0.477146;0.503654;0.530163,0.059330;0.207170;0.294380;0.254400;0.117440;0.045410;0.015980;0.003970;0.001460;0.000370;0.000080;0.000010;0.000000;0.000000;0.000000;0.000000;0.000000;0.000000;0.000000;0.000000,0.000000;0.015273;0.030547;0.045820;0.061094;0.076367;0.091640;0.106914;0.122187;0.137461;0.152734;0.168007;0.183281;0.198554;0.213827;0.229101;0.244374;0.259648;0.274921;0.290194;0.305468,,m1213_06_fill_holes_and_orientation.obj,Jet
m1270_06_fill_holes_and_orientation.obj,,,,,,,,,,,,0.182894;0.121219;0.080036;0.058864;0.050329;0.045576;0.047467;0.052050;0.050909;0.050669;0.035840;0.027936;0.022753;0.021772;0.022073;0.025545;0.029847;0.035020;0.031098;0.008105,0.000000;0.158749;0.317497;0.476246;0.634994;0.793743;0.952492;1.111240;1.269989;1.428737;1.587486;1.746234;1.904983;2.063732;2.222480;2.381229;2.539977;2.698726;2.857475;3.016223;3.174972,0.045992;0.100462;0.132066;0.176773;0.152878;0.198869;0.110483;0.031603;0.000000;0.000000;0.025694;0.000000;0.000000;0.000000;0.025180;0.000000;0.000000;0.000000;0.000000;0.000000,0.000000;0.035662;0.071324;0.106986;0.142648;0.178310;0.213972;0.249634;0.285296;0.320958;0.356620;0.392282;0.427944;0.463606;0.499268;0.534930;0.570592;0.606254;0.641916;0.677578;0.713240,0.144240;0.152960;0.118230;0.082840;0.097120;0.132660;0.117660;0.081320;0.014740;0.035640;0.014870;0.003960;0.001150;0.000040;0.001320;0.000000;0.000860;0.000000;0.000390;0.000000,0.000000;0.052882;0.105763;0.158645;0.211527;0.264408;0.317290;0.370172;0.423053;0.475935;0.528817;0.581698;0.634580;0.687462;0.740343;0.793225;0.846107;0.898988;0.951870;1.004752;1.057634,0.083840;0.263520;0.256220;0.122930;0.084410;0.061570;0.031890;0.028420;0.022420;0.019990;0.014360;0.008420;0.001460;0.000440;0.000110;0.000000;0.000000;0.000000;0.000000;0.000000,0.000000;0.026508;0.053016;0.079524;0.106033;0.132541;0.159049;0.185557;0.212065;0.238573;0.265081;0.291589;0.318098;0.344606;0.371114;0.397622;0.424130;0.450638;0.477146;0.503654;0.530163,0.129460;0.360910;0.238860;0.136370;0.074350;0.036210;0.015050;0.005850;0.002540;0.000390;0.000010;0.000000;0.000000;0.000000;0.000000;0.000000;0.000000;0.000000;0.000000;0.000000,0.000000;0.015273;0.030547;0.045820;0.061094;0.076367;0.091640;0.106914;0.122187;0.137461;0.152734;0.168007;0.183281;0.198554;0.213827;0.229101;0.244374;0.259648;0.274921;0.290194;0.305468,,m1270_06_fill_holes_and_orientation.obj,Jet
m1294_06_fill_holes_and_orientation.obj,,,,,,,,,,,,0.108759;0.122257;0.101654;0.084623;0.073386;0.061479;0.055515;0.047910;0.043307;0.041306;0.037434;0.035652;0.032400;0.030019;0.027467;0.025826;0.024896;0.022124;0.018131;0.005854,0.000000;0.158749;0.317497;0.476246;0.634994;0.793743;0.952492;1.111240;1.269989;1.428737;1.587486;1.746234;1.904983;2.063732;2.222480;2.381229;2.539977;2.698726;2.857475;3.016223;3.174972,0.008906;0.053435;0.164758;0.224873;0.231552;0.138677;0.034351;0.034033;0.000636;0.023855;0.008588;0.000000;0.035623;0.000000;0.033397;0.007316;0.000000;0.000000;0.000000;0.000000,0.000000;0.035662;0.071324;0.106986;0.142648;0.178310;0.213972;0.249634;0.285296;0.320958;0.356620;0.392282;0.427944;0.463606;0.499268;0.534930;0.570592;0.606254;0.641916;0.677578;0.713240,0.057720;0.125180;0.153600;0.177620;0.145980;0.100400;0.064250;0.039840;0.033600;0.029600;0.024720;0.021740;0.011970;0.007110;0.002610;0.001020;0.001060;0.001210;0.000770;0.000000,0.000000;0.052882;0.105763;0.158645;0.211527;0.264408;0.317290;0.370172;0.423053;0.475935;0.528817;0.581698;0.634580;0.687462;0.740343;0.793225;0.846107;0.898988;0.951870;1.004752;1.057634,0.023520;0.127910;0.215400;0.212910;0.163780;0.105010;0.064180;0.036240;0.021910;0.014860;0.007220;0.003120;0.001780;0.001070;0.000720;0.000340;0.000030;0.000000;0.000000;0.000000,0.000000;0.026508;0.053016;0.079524;0.106033;0.132541;0.159049;0.185557;0.212065;0.238573;0.265081;0.291589;0.318098;0.344606;0.371114;0.397622;0.424130;0.450638;0.477146;0.503654;0.530163,0.045560;0.202150;0.305270;0.250000;0.132230;0.046420;0.013990;0.003410;0.000770;0.000200;0.000000;0.000000;0.000000;0.000000;0.000000;0.000000;0.000000;0.000000;0.000000;0.000000,0.000000;0.015273;0.030547;0.045820;0.061094;0.076367;0.091640;0.106914;0.122187;0.137461;0.152734;0.168007;0.183281;0.198554;0.213827;0.229101;0.244374;0.259648;0.274921;0.290194;0.305468,,m1294_06_fill_holes_and_orientation.obj,Jet
m1295_06_fill_holes_and_orientation.obj,,,,,,,,,,,,0.131475;0.117354;0.098709;0.081015;0.067934;0.061629;0.052842;0.047298;0.042294;0.037630;0.035278;0.032066;0.031775;0.029033;0.026811;0.024700;0.024510;0.023269;0.022798;0.011579,0.000000;0.158749;0.317497;0.476246;0.634994;0.793743;0.952492;1.111240;1.269989;1.428737;1.587486;1.746234;1.904983;2.063732;2.222480;2.381229;2.539977;2.698726;2.857475;3.016223;3.174972,0.006556;0.028409;0.054633;0.180070;0.282780;0.181818;0.076923;0.079108;0.013112;0.000000;0.040210;0.005245;0.000000;0.000000;0.041521;0.009615;0.000000;0.000000;0.000000;0.000000,0.000000;0.035662;0.071324;0.106986;0.142648;0.178310;0.213972;0.249634;0.285296;0.320958;0.356620;0.392282;0.427944;0.463606;0.499268;0.534930;0.570592;0.606254;0.641916;0.677578;0.713240,0.055870;0.093020;0.135620;0.128400;0.137360;0.142930;0.093760;0.070130;0.034530;0.030720;0.022340;0.016970;0.020580;0.007980;0.005130;0.000760;0.002510;0.000000;0.001350;0.000040,0.000000;0.052882;0.105763;0.158645;0.211527;0.264408;0.317290;0.370172;0.423053;0.475935;0.528817;0.581698;0.634580;0.687462;0.740343;0.793225;0.846107;0.898988;0.951870;1.004752;1.057634,0.035950;0.130900;0.168560;0.170690;0.151330;0.121340;0.088350;0.055370;0.034230;0.019660;0.011880;0.005970;0.003170;0.001420;0.000640;0.000300;0.000200;0.000040;0.000000;0.000000,0.000000;0.026508;0.053016;0.079524;0.106033;0.132541;0.159049;0.185557;0.212065;0.238573;0.265081;0.291589;0.318098;0.344606;0.371114;0.397622;0.424130;0.450638;0.477146;0.503654;0.530163,0.100910;0.339120;0.344740;0.163130;0.043220;0.007830;0.000870;0.000180;0.000000;0.000000;0.000000;0.000000;0.000000;0.000000;0.000000;0.000000;0.000000;0.000000;0.000000;0.000000,0.000000;0.015273;0.030547;0.045820;0.061094;0.076367;0.091640;0.106914;0.122187;0.137461;0.152734;0.168007;0.183281;0.198554;0.213827;0.229101;0.244374;0.259648;0.274921;0.290194;0.305468,,m1295_06_fill_holes_and_orientation.obj,Jet
m1448_06_fill_holes_and_orientation.obj,,,,,,,,,,,,0.082791;0.135684;0.118163;0.088325;0.067662;0.057576;0.053273;0.048760;0.044277;0.041105;0.037613;0.034631;0.032690;0.031880;0.033411;0.032410;0.028268;0.020613;0.009186;0.001681,0.000000;0.158749;0.317497;0.476246;0.634994;0.793743;0.952492;1.111240;1.269989;1.428737;1.587486;1.746234;1.904983;2.063732;2.222480;2.381229;2.539977;2.698726;2.857475;3.016223;3.174972,0.000000;0.001857;0.017088;0.030461;0.205052;0.135215;0.087667;0.102155;0.122214;0.119242;0.132615;0.011516;0.020431;0.000743;0.000000;0.000371;0.002229;0.000371;0.010773;0.000000,0.000000;0.035662;0.071324;0.106986;0.142648;0.178310;0.213972;0.249634;0.285296;0.320958;0.356620;0.392282;0.427944;0.463606;0.499268;0.534930;0.570592;0.606254;0.641916;0.677578;0.713240,0.039430;0.097740;0.148940;0.137670;0.123500;0.105320;0.085590;0.073020;0.050710;0.038550;0.031910;0.028050;0.011400;0.006300;0.005830;0.006590;0.005160;0.003310;0.000520;0.000460,0.000000;0.052882;0.105763;0.158645;0.211527;0.264408;0.317290;0.370172;0.423053;0.475935;0.528817;0.581698;0.634580;0.687462;0.740343;0.793225;0.846107;0.898988;0.951870;1.004752;1.057634,0.013660;0.071080;0.141770;0.195230;0.205910;0.166600;0.087360;0.035110;0.021350;0.015530;0.012570;0.009850;0.007620;0.005570;0.003870;0.002540;0.002000;0.001180;0.000740;0.000460,0.000000;0.026508;0.053016;0.079524;0.106033;0.132541;0.159049;0.185557;0.212065;0.238573;0.265081;0.291589;0.318098;0.344606;0.371114;0.397622;0.424130;0.450638;0.477146;0.503654;0.530163,0.022060;0.102460;0.185230;0.218040;0.193880;0.131340;0.064700;0.034580;0.021400;0.013690;0.007590;0.003660;0.001200;0.000160;0.000010;0.000000;0.000000;0.000000;0.000000;0.000000,0.000000;0.015273;0.030547;0.045820;0.061094;0.076367;0.091640;0.106914;0.122187;0.137461;0.152734;0.168007;0.183281;0.198554;0.213827;0.229101;0.244374;0.259648;0.274921;0.290194;0.305468,,m1448_06_fill_holes_and_orientation.obj,Ship
m1670_06_fill_holes_and_orientation.obj,,,,,,,,,,,,0.192133;0.114579;0.080907;0.063480;0.053301;0.047395;0.041930;0.040549;0.043702;0.047385;0.037886;0.030749;0.027316;0.025374;0.025865;0.024523;0.025434;0.026655;0.029908;0.020930,0.000000;0.158749;0.317497;0.476246;0.634994;0.793743;0.952492;1.111240;1.269989;1.428737;1.587486;1.746234;1.904983;2.063732;2.222480;2.381229;2.539977;2.698726;2.857475;3.016223;3.174972,0.021719;0.082717;0.107671;0.158041;0.106285;0.209335;0.199630;0.012477;0.007394;0.000462;0.000000;0.000000;0.019409;0.000000;0.000000;0.000000;0.021257;0.000000;0.000000;0.053604,0.000000;0.035662;0.071324;0.106986;0.142648;0.178310;0.213972;0.249634;0.285296;0.320958;0.356620;0.392282;0.427944;0.463606;0.499268;0.534930;0.570592;0.606254;0.641916;0.677578;0.713240,0.123060;0.172030;0.160080;0.132060;0.107430;0.081990;0.049690;0.008820;0.012200;0.019460;0.010470;0.012860;0.018950;0.013730;0.021410;0.005140;0.012470;0.037770;0.000300;0.000080,0.000000;0.052882;0.105763;0.158645;0.211527;0.264408;0.317290;0.370172;0.423053;0.475935;0.528817;0.581698;0.634580;0.687462;0.740343;0.793225;0.846107;0.898988;0.951870;1.004752;1.057634,0.120950;0.204140;0.193680;0.173030;0.132230;0.075870;0.039810;0.026890;0.017860;0.011260;0.003600;0.000500;0.000160;0.000020;0.000000;0.000000;0.000000;0.000000;0.000000;0.000000,0.000000;0.026508;0.053016;0.079524;0.106033;0.132541;0.159049;0.185557;0.212065;0.238573;0.265081;0.291589;0.318098;0.344606;0.371114;0.397622;0.424130;0.450638;0.477146;0.503654;0.530163,0.585710;0.209640;0.132210;0.051850;0.016300;0.003890;0.000390;0.000010;0.000000;0.000000;0.000000;0.000000;0.000000;0.000000;0.000000;0.000000;0.000000;0.000000;0.000000;0.000000,0.000000;0.015273;0.030547;0.045820;0.061094;0.076367;0.091640;0.106914;0.122187;0.137461;0.152734;0.168007;0.183281;0.198554;0.213827;0.229101;0.244374;0.259648;0.274921;0.290194;0.305468,,m1670_06_fill_holes_and_orientation.obj,Sign
m1671_06_fill_holes_and_orientation.obj,,,,,,,,,,,,0.172105;0.122146;0.081665;0.060587;0.051070;0.048917;0.049307;0.049387;0.049978;0.050760;0.042435;0.033419;0.027899;0.024884;0.022810;0.022850;0.023151;0.025826;0.025836;0.014966,0.000000;0.158749;0.317497;0.476246;0.634994;0.793743;0.952492;1.111240;1.269989;1.428737;1.587486;1.746234;1.904983;2.063732;2.222480;2.381229;2.539977;2.698726;2.857475;3.016223;3.174972,0.032062;0.010399;0.006932;0.044194;0.204506;0.196707;0.318891;0.084055;0.001733;0.038995;0.000000;0.000000;0.000000;0.037262;0.000000;0.000000;0.000000;0.000000;0.024263;0.000000,0.000000;0.035662;0.071324;0.106986;0.142648;0.178310;0.213972;0.249634;0.285296;0.320958;0.356620;0.392282;0.427944;0.463606;0.499268;0.534930;0.570592;0.606254;0.641916;0.677578;0.713240,0.136530;0.196750;0.178150;0.152400;0.085690;0.018080;0.029910;0.022110;0.011570;0.028000;0.023500;0.008100;0.025220;0.026770;0.003740;0.022650;0.029060;0.001170;0.000600;0.000000,0.000000;0.052882;0.105763;0.158645;0.211527;0.264408;0.317290;0.370172;0.423053;0.475935;0.528817;0.581698;0.634580;0.687462;0.740343;0.793225;0.846107;0.898988;0.951870;1.004752;1.057634,0.129010;0.242120;0.218890;0.125570;0.079770;0.058380;0.044470;0.036060;0.027050;0.018460;0.012590;0.005750;0.001740;0.000140;0.000000;0.000000;0.000000;0.000000;0.000000;0.000000,0.000000;0.026508;0.053016;0.079524;0.106033;0.132541;0.159049;0.185557;0.212065;0.238573;0.265081;0.291589;0.318098;0.344606;0.371114;0.397622;0.424130;0.450638;0.477146;0.503654;0.530163,0.486150;0.282600;0.123900;0.058340;0.031420;0.012930;0.003940;0.000720;0.000000;0.000000;0.000000;0.000000;0.000000;0.000000;0.000000;0.000000;0.000000;0.000000;0.000000;0.000000,0.000000;0.015273;0.030547;0.045820;0.061094;0.076367;0.091640;0.106914;0.122187;0.137461;0.152734;0.168007;0.183281;0.198554;0.213827;0.229101;0.244374;0.259648;0.274921;0.290194;0.305468,,m1671_06_fill_holes_and_orientation.obj,Sign
m1672_06_fill_holes_and_orientation.obj,,,,,,,,,,,,0.227188;0.066709;0.061265;0.063867;0.072324;0.053390;0.033905;0.037017;0.035296;0.045554;0.039359;0.049667;0.045734;0.032754;0.037518;0.032044;0.023898;0.020745;0.014421;0.007345,0.000000;0.158749;0.317497;0.476246;0.634994;0.793743;0.952492;1.111240;1.269989;1.428737;1.587486;1.746234;1.904983;2.063732;2.222480;2.381229;2.539977;2.698726;2.857475;3.016223;3.174972,0.000000;0.003006;0.003382;0.002631;0.004885;0.017663;0.034573;0.083803;0.137166;0.152198;0.518602;0.010898;0.007140;0.000000;0.000000;0.000000;0.000000;0.006013;0.018038;0.000000,0.000000;0.035662;0.071324;0.106986;0.142648;0.178310;0.213972;0.249634;0.285296;0.320958;0.356620;0.392282;0.427944;0.463606;0.499268;0.534930;0.570592;0.606254;0.641916;0.677578;0.713240,0.291720;0.036360;0.036090;0.022530;0.027700;0.027230;0.026840;0.020640;0.092760;0.048510;0.055930;0.123190;0.101190;0.056090;0.009480;0.003320;0.002470;0.012430;0.005300;0.000220,0.000000;0.052882;0.105763;0.158645;0.211527;0.264408;0.317290;0.370172;0.423053;0.475935;0.528817;0.581698;0.634580;0.687462;0.740343;0.793225;0.846107;0.898988;0.951870;1.004752;1.057634,0.275160;0.222040;0.125670;0.039540;0.043480;0.045410;0.047600;0.034370;0.027230;0.044550;0.035380;0.012830;0.011820;0.009080;0.005080;0.009700;0.008550;0.002260;0.000250;0.000000,0.000000;0.026508;0.053016;0.079524;0.106033;0.132541;0.159049;0.185557;0.212065;0.238573;0.265081;0.291589;0.318098;0.344606;0.371114;0.397622;0.424130;0.450638;0.477146;0.503654;0.530163,0.483320;0.211310;0.129060;0.050870;0.039970;0.032430;0.017430;0.011090;0.009570;0.007780;0.006220;0.000880;0.000070;0.000000;0.000000;0.000000;0.000000;0.000000;0.000000;0.000000,0.000000;0.015273;0.030547;0.045820;0.061094;0.076367;0.091640;0.106914;0.122187;0.137461;0.152734;0.168007;0.183281;0.198554;0.213827;0.229101;0.244374;0.259648;0.274921;0.290194;0.305468,,m1672_06_fill_holes_and_orientation.obj,Sign
m1673_06_fill_holes_and_orientation.obj,,,,,,,,,,,,0.302819;0.101347;0.041357;0.028086;0.020989;0.020849;0.026733;0.036736;0.051410;0.091324;0.054257;0.030702;0.020478;0.016940;0.014684;0.013832;0.015206;0.031414;0.053996;0.026843,0.000000;0.158749;0.317497;0.476246;0.634994;0.793743;0.952492;1.111240;1.269989;1.428737;1.587486;1.746234;1.904983;2.063732;2.222480;2.381229;2.539977;2.698726;2.857475;3.016223;3.174972,0.000000;0.124390;0.002439;0.001220;0.002439;0.313415;0.341463;0.008537;0.001220;0.003659;0.054878;0.000000;0.000000;0.000000;0.039024;0.000000;0.000000;0.000000;0.000000;0.107317,0.000000;0.035662;0.071324;0.106986;0.142648;0.178310;0.213972;0.249634;0.285296;0.320958;0.356620;0.392282;0.427944;0.463606;0.499268;0.534930;0.570592;0.606254;0.641916;0.677578;0.713240,0.195950;0.129820;0.078510;0.033810;0.052610;0.120640;0.008970;0.023760;0.059850;0.001020;0.026050;0.061570;0.001240;0.028410;0.029730;0.002290;0.076670;0.067650;0.000740;0.000710,0.000000;0.052882;0.105763;0.158645;0.211527;0.264408;0.317290;0.370172;0.423053;0.475935;0.528817;0.581698;0.634580;0.687462;0.740343;0.793225;0.846107;0.898988;0.951870;1.004752;1.057634,0.151800;0.175330;0.140290;0.158830;0.150520;0.097280;0.056220;0.033680;0.020220;0.012270;0.002100;0.000670;0.000460;0.000310;0.000010;0.000010;0.000000;0.000000;0.000000;0.000000,0.000000;0.026508;0.053016;0.079524;0.106033;0.132541;0.159049;0.185557;0.212065;0.238573;0.265081;0.291589;0.318098;0.344606;0.371114;0.397622;0.424130;0.450638;0.477146;0.503654;0.530163,0.368540;0.260480;0.184330;0.122010;0.051010;0.012220;0.001240;0.000170;0.000000;0.000000;0.000000;0.000000;0.000000;0.000000;0.000000;0.000000;0.000000;0.000000;0.000000;0.000000,0.000000;0.015273;0.030547;0.045820;0.061094;0.076367;0.091640;0.106914;0.122187;0.137461;0.152734;0.168007;0.183281;0.198554;0.213827;0.229101;0.244374;0.259648;0.274921;0.290194;0.305468,,m1673_06_fill_holes_and_orientation.obj,Sign
m1674_06_fill_holes_and_orientation.obj,,,,,,,,,,,,0.187874;0.088961;0.072589;0.062136;0.060842;0.055525;0.048032;0.042986;0.049888;0.059859;0.052034;0.037318;0.030968;0.029985;0.027607;0.023494;0.022953;0.020966;0.018589;0.007393,0.000000;0.158749;0.317497;0.476246;0.634994;0.793743;0.952492;1.111240;1.269989;1.428737;1.587486;1.746234;1.904983;2.063732;2.222480;2.381229;2.539977;2.698726;2.857475;3.016223;3.174972,0.000000;0.003115;0.014019;0.026480;0.017134;0.222741;0.109034;0.037383;0.043614;0.342679;0.095016;0.028037;0.028037;0.000000;0.000000;0.000000;0.000000;0.000000;0.015576;0.017134,0.000000;0.035662;0.071324;0.106986;0.142648;0.178310;0.213972;0.249634;0.285296;0.320958;0.356620;0.392282;0.427944;0.463606;0.499268;0.534930;0.570592;0.606254;0.641916;0.677578;0.713240,0.160190;0.067240;0.060610;0.063620;0.074390;0.049430;0.197820;0.089240;0.070080;0.027070;0.037540;0.026480;0.008570;0.010640;0.012700;0.004670;0.014560;0.009340;0.013630;0.002180,0.000000;0.052882;0.105763;0.158645;0.211527;0.264408;0.317290;0.370172;0.423053;0.475935;0.528817;0.581698;0.634580;0.687462;0.740343;0.793225;0.846107;0.898988;0.951870;1.004752;1.057634,0.117240;0.152560;0.181890;0.110860;0.090850;0.077820;0.059050;0.043410;0.043480;0.035050;0.014710;0.018580;0.018720;0.005440;0.015960;0.006240;0.003180;0.002450;0.002080;0.000430,0.000000;0.026508;0.053016;0.079524;0.106033;0.132541;0.159049;0.185557;0.212065;0.238573;0.265081;0.291589;0.318098;0.344606;0.371114;0.397622;0.424130;0.450638;0.477146;0.503654;0.530163,0.163040;0.271440;0.216390;0.141430;0.092660;0.057880;0.031030;0.016880;0.006460;0.002230;0.000530;0.000030;0.000000;0.000000;0.000000;0.000000;0.000000;0.000000;0.000000;0.000000,0.000000;0.015273;0.030547;0.045820;0.061094;0.076367;0.091640;0.106914;0.122187;0.137461;0.152734;0.168007;0.183281;0.198554;0.213827;0.229101;0.244374;0.259648;0.274921;0.290194;0.305468,,m1674_06_fill_holes_and_orientation.obj,Sign
m1675_06_fill_holes_and_orientation.obj,,,,,,,,,,,,0.129401;0.109376;0.082077;0.076411;0.069277;0.061159;0.060636;0.054115;0.051151;0.058878;0.041225;0.035025;0.031680;0.029057;0.024636;0.019753;0.018879;0.018387;0.017131;0.011745,0.000000;0.158749;0.317497;0.476246;0.634994;0.793743;0.952492;1.111240;1.269989;1.428737;1.587486;1.746234;1.904983;2.063732;2.222480;2.381229;2.539977;2.698726;2.857475;3.016223;3.174972,0.008511;0.029787;0.214894;0.165957;0.159574;0.172340;0.140426;0.000000;0.048936;0.000000;0.000000;0.000000;0.000000;0.000000;0.000000;0.048936;0.000000;0.000000;0.000000;0.010638,0.000000;0.035662;0.071324;0.106986;0.142648;0.178310;0.213972;0.249634;0.285296;0.320958;0.356620;0.392282;0.427944;0.463606;0.499268;0.534930;0.570592;0.606254;0.641916;0.677578;0.713240,0.063950;0.114220;0.133340;0.136520;0.168530;0.190600;0.027880;0.007860;0.020720;0.017890;0.016020;0.006140;0.012250;0.021850;0.018060;0.009300;0.008380;0.011450;0.015040;0.000000,0.000000;0.052882;0.105763;0.158645;0.211527;0.264408;0.317290;0.370172;0.423053;0.475935;0.528817;0.581698;0.634580;0.687462;0.740343;0.793225;0.846107;0.898988;0.951870;1.004752;1.057634,0.072410;0.103970;0.167540;0.170810;0.159490;0.129950;0.082750;0.029870;0.027160;0.020000;0.014210;0.011340;0.006300;0.004100;0.000100;0.000000;0.000000;0.000000;0.000000;0.000000,0.000000;0.026508;0.053016;0.079524;0.106033;0.132541;0.159049;0.185557;0.212065;0.238573;0.265081;0.291589;0.318098;0.344606;0.371114;0.397622;0.424130;0.450638;0.477146;0.503654;0.530163,0.365380;0.374040;0.158290;0.080720;0.016090;0.005030;0.000450;0.000000;0.000000;0.000000;0.000000;0.000000;0.000000;0.000000;0.000000;0.000000;0.000000;0.000000;0.000000;0.000000,0.000000;0.015273;0.030547;0.045820;0.061094;0.076367;0.091640;0.106914;0.122187;0.137461;0.152734;0.168007;0.183281;0.198554;0.213827;0.229101;0.244374;0.259648;0.274921;0.290194;0.305468,,m1675_06_fill_holes_and_orientation.obj,Sign
m42_06_fill_holes_and_orientation.obj,,,,,,,,,,,,0.106893;0.081794;0.081123;0.088071;0.074566;0.069069;0.069069;0.069200;0.067558;0.061791;0.049687;0.037783;0.032007;0.028433;0.024168;0.020113;0.016619;0.012414;0.007789;0.001852,0.000000;0.158749;0.317497;0.476246;0.634994;0.793743;0.952492;1.111240;1.269989;1.428737;1.587486;1.746234;1.904983;2.063732;2.222480;2.381229;2.539977;2.698726;2.857475;3.016223;3.174972,0.005307;0.048349;0.086085;0.107901;0.111439;0.257665;0.339033;0.020637;0.005307;0.000590;0.005307;0.008255;0.002358;0.001179;0.000000;0.000590;0.000000;0.000000;0.000000;0.000000,0.000000;0.035662;0.071324;0.106986;0.142648;0.178310;0.213972;0.249634;0.285296;0.320958;0.356620;0.392282;0.427944;0.463606;0.499268;0.534930;0.570592;0.606254;0.641916;0.677578;0.713240,0.128740;0.169330;0.138250;0.165170;0.113170;0.104720;0.092040;0.055230;0.015710;0.008710;0.004470;0.002620;0.001180;0.000360;0.000130;0.000070;0.000050;0.000030;0.000020;0.000000,0.000000;0.052882;0.105763;0.158645;0.211527;0.264408;0.317290;0.370172;0.423053;0.475935;0.528817;0.581698;0.634580;0.687462;0.740343;0.793225;0.846107;0.898988;0.951870;1.004752;1.057634,0.138160;0.176930;0.137270;0.183260;0.159890;0.088050;0.056660;0.032210;0.014420;0.007180;0.003960;0.001510;0.000440;0.000050;0.000010;0.000000;0.000000;0.000000;0.000000;0.000000,0.000000;0.026508;0.053016;0.079524;0.106033;0.132541;0.159049;0.185557;0.212065;0.238573;0.265081;0.291589;0.318098;0.344606;0.371114;0.397622;0.424130;0.450638;0.477146;0.503654;0.530163,0.152030;0.238690;0.213350;0.147340;0.106870;0.071960;0.039220;0.016070;0.008230;0.003930;0.001820;0.000430;0.000060;0.000000;0.000000;0.000000;0.000000;0.000000;0.000000;0.000000,0.000000;0.015273;0.030547;0.045820;0.061094;0.076367;0.091640;0.106914;0.122187;0.137461;0.152734;0.168007;0.183281;0.198554;0.213827;0.229101;0.244374;0.259648;0.274921;0.290194;0.305468,,m42_06_fill_holes_and_orientation.obj,Bird
m471_06_fill_holes_and_orientation.obj,,,,,,,,,,,,0.102971;0.103551;0.081200;0.071330;0.066355;0.066375;0.070469;0.074083;0.075074;0.067836;0.048858;0.032602;0.025155;0.023563;0.023693;0.023033;0.018768;0.014214;0.008498;0.002372,0.000000;0.158749;0.317497;0.476246;0.634994;0.793743;0.952492;1.111240;1.269989;1.428737;1.587486;1.746234;1.904983;2.063732;2.222480;2.381229;2.539977;2.698726;2.857475;3.016223;3.174972,0.000000;0.000000;0.014698;0.030446;0.008924;0.000000;0.000525;0.017323;0.228346;0.327034;0.031496;0.055118;0.144357;0.127034;0.011024;0.003675;0.000000;0.000000;0.000000;0.000000,0.000000;0.035662;0.071324;0.106986;0.142648;0.178310;0.213972;0.249634;0.285296;0.320958;0.356620;0.392282;0.427944;0.463606;0.499268;0.534930;0.570592;0.606254;0.641916;0.677578;0.713240,0.070650;0.190270;0.220650;0.213600;0.039450;0.006410;0.014360;0.023130;0.008510;0.009350;0.022280;0.018350;0.019970;0.036310;0.060290;0.012350;0.021310;0.011700;0.001060;0.000000,0.000000;0.052882;0.105763;0.158645;0.211527;0.264408;0.317290;0.370172;0.423053;0.475935;0.528817;0.581698;0.634580;0.687462;0.740343;0.793225;0.846107;0.898988;0.951870;1.004752;1.057634,0.029910;0.154770;0.236230;0.182790;0.104940;0.074430;0.077210;0.064280;0.046380;0.021990;0.005780;0.001240;0.000050;0.000000;0.000000;0.000000;0.000000;0.000000;0.000000;0.000000,0.000000;0.026508;0.053016;0.079524;0.106033;0.132541;0.159049;0.185557;0.212065;0.238573;0.265081;0.291589;0.318098;0.344606;0.371114;0.397622;0.424130;0.450638;0.477146;0.503654;0.530163,0.038090;0.166690;0.230600;0.202440;0.149750;0.100380;0.064170;0.032530;0.011980;0.002880;0.000480;0.000010;0.000000;0.000000;0.000000;0.000000;0.000000;0.000000;0.000000;0.000000,0.000000;0.015273;0.030547;0.045820;0.061094;0.076367;0.091640;0.106914;0.122187;0.137461;0.152734;0.168007;0.183281;0.198554;0.213827;0.229101;0.244374;0.259648;0.274921;0.290194;0.305468,,m471_06_fill_holes_and_orientation.obj,BuildingNonResidential
m475_06_fill_holes_and_orientation.obj,,,,,,,,,,,,0.077981;0.109412;0.104225;0.093141;0.084500;0.075789;0.066837;0.059457;0.050646;0.043396;0.036107;0.031992;0.028697;0.027396;0.025503;0.026605;0.024572;0.018895;0.011635;0.003214,0.000000;0.158749;0.317497;0.476246;0.634994;0.793743;0.952492;1.111240;1.269989;1.428737;1.587486;1.746234;1.904983;2.063732;2.222480;2.381229;2.539977;2.698726;2.857475;3.016223;3.174972,0.000000;0.018742;0.033467;0.263722;0.343373;0.159304;0.082999;0.054886;0.018072;0.006024;0.014056;0.002008;0.000000;0.001339;0.002008;0.000000;0.000000;0.000000;0.000000;0.000000,0.000000;0.035662;0.071324;0.106986;0.142648;0.178310;0.213972;0.249634;0.285296;0.320958;0.356620;0.392282;0.427944;0.463606;0.499268;0.534930;0.570592;0.606254;0.641916;0.677578;0.713240,0.062840;0.155630;0.200460;0.202260;0.162260;0.105820;0.058750;0.029230;0.011100;0.006080;0.003210;0.001640;0.000440;0.000200;0.000070;0.000010;0.000000;0.000000;0.000000;0.000000,0.000000;0.052882;0.105763;0.158645;0.211527;0.264408;0.317290;0.370172;0.423053;0.475935;0.528817;0.581698;0.634580;0.687462;0.740343;0.793225;0.846107;0.898988;0.951870;1.004752;1.057634,0.043520;0.166830;0.230220;0.217850;0.156240;0.092150;0.050360;0.024190;0.011060;0.004710;0.001790;0.000700;0.000260;0.000100;0.000010;0.000000;0.000010;0.000000;0.000000;0.000000,0.000000;0.026508;0.053016;0.079524;0.106033;0.132541;0.159049;0.185557;0.212065;0.238573;0.265081;0.291589;0.318098;0.344606;0.371114;0.397622;0.424130;0.450638;0.477146;0.503654;0.530163,0.078400;0.245060;0.268140;0.190160;0.109500;0.057720;0.028430;0.012410;0.005980;0.002590;0.001140;0.000360;0.000070;0.000030;0.000000;0.000000;0.000010;0.000000;0.000000;0.000000,0.000000;0.015273;0.030547;0.045820;0.061094;0.076367;0.091640;0.106914;0.122187;0.137461;0.152734;0.168007;0.183281;0.198554;0.213827;0.229101;0.244374;0.259648;0.274921;0.290194;0.305468,,m475_06_fill_holes_and_orientation.obj,BuildingNonResidential
m487_06_fill_holes_and_orientation.obj,,,,,,,,,,,,0.124900;0.077661;0.066299;0.066309;0.068902;0.069442;0.071454;0.072525;0.077360;0.076379;0.059192;0.045938;0.034996;0.026728;0.020802;0.016207;0.012183;0.007958;0.004004;0.000761,0.000000;0.158749;0.317497;0.476246;0.634994;0.793743;0.952492;1.111240;1.269989;1.428737;1.587486;1.746234;1.904983;2.063732;2.222480;2.381229;2.539977;2.698726;2.857475;3.016223;3.174972,0.000000;0.000000;0.000000;0.004564;0.025355;0.014706;0.000000;0.030933;0.000000;0.012677;0.020791;0.007606;0.095842;0.155680;0.342799;0.289047;0.000000;0.000000;0.000000;0.000000,0.000000;0.035662;0.071324;0.106986;0.142648;0.178310;0.213972;0.249634;0.285296;0.320958;0.356620;0.392282;0.427944;0.463606;0.499268;0.534930;0.570592;0.606254;0.641916;0.677578;0.713240,0.091990;0.263380;0.263630;0.019350;0.019500;0.016750;0.016810;0.013320;0.016150;0.011200;0.015810;0.016740;0.015740;0.016200;0.014870;0.015880;0.015580;0.078500;0.072140;0.006460,0.000000;0.052882;0.105763;0.158645;0.211527;0.264408;0.317290;0.370172;0.423053;0.475935;0.528817;0.581698;0.634580;0.687462;0.740343;0.793225;0.846107;0.898988;0.951870;1.004752;1.057634,0.038830;0.202540;0.252430;0.065660;0.057270;0.063410;0.070410;0.072830;0.070610;0.059180;0.016980;0.013270;0.010680;0.005750;0.000150;0.000000;0.000000;0.000000;0.000000;0.000000,0.000000;0.026508;0.053016;0.079524;0.106033;0.132541;0.159049;0.185557;0.212065;0.238573;0.265081;0.291589;0.318098;0.344606;0.371114;0.397622;0.424130;0.450638;0.477146;0.503654;0.530163,0.043420;0.182740;0.220370;0.126020;0.111080;0.108110;0.090120;0.063380;0.028490;0.014100;0.008190;0.003210;0.000750;0.000020;0.000000;0.000000;0.000000;0.000000;0.000000;0.000000,0.000000;0.015273;0.030547;0.045820;0.061094;0.076367;0.091640;0.106914;0.122187;0.137461;0.152734;0.168007;0.183281;0.198554;0.213827;0.229101;0.244374;0.259648;0.274921;0.290194;0.305468,,m487_06_fill_holes_and_orientation.obj,Bottle
m541_06_fill_holes_and_orientation.obj,,,,,,,,,,,,0.025480;0.056485;0.077011;0.095676;0.107655;0.108886;0.103252;0.096176;0.082795;0.070145;0.059607;0.042954;0.029994;0.019365;0.012080;0.006685;0.003423;0.001541;0.000721;0.000070,0.000000;0.158749;0.317497;0.476246;0.634994;0.793743;0.952492;1.111240;1.269989;1.428737;1.587486;1.746234;1.904983;2.063732;2.222480;2.381229;2.539977;2.698726;2.857475;3.016223;3.174972,0.000000;0.000000;0.000000;0.000000;0.000000;0.000000;0.000000;0.000000;0.000000;0.000000;0.000000;0.191837;0.422449;0.117959;0.066939;0.200816;0.000000;0.000000;0.000000;0.000000,0.000000;0.035662;0.071324;0.106986;0.142648;0.178310;0.213972;0.249634;0.285296;0.320958;0.356620;0.392282;0.427944;0.463606;0.499268;0.534930;0.570592;0.606254;0.641916;0.677578;0.713240,0.006780;0.015470;0.023030;0.028910;0.036860;0.042250;0.046630;0.052110;0.058970;0.068740;0.082630;0.092840;0.079860;0.084490;0.088020;0.085180;0.050550;0.030290;0.020550;0.005840,0.000000;0.052882;0.105763;0.158645;0.211527;0.264408;0.317290;0.370172;0.423053;0.475935;0.528817;0.581698;0.634580;0.687462;0.740343;0.793225;0.846107;0.898988;0.951870;1.004752;1.057634,0.001650;0.003670;0.009770;0.016020;0.022890;0.031750;0.040440;0.048850;0.056740;0.065420;0.073060;0.081460;0.084050;0.085460;0.085400;0.081320;0.074370;0.066030;0.047780;0.023870,0.000000;0.026508;0.053016;0.079524;0.106033;0.132541;0.159049;0.185557;0.212065;0.238573;0.265081;0.291589;0.318098;0.344606;0.371114;0.397622;0.424130;0.450638;0.477146;0.503654;0.530163,0.003190;0.004320;0.011860;0.019550;0.029050;0.037030;0.045890;0.054070;0.061240;0.066090;0.070970;0.072470;0.074280;0.072940;0.069430;0.065580;0.058200;0.051410;0.044220;0.088210,0.000000;0.015273;0.030547;0.045820;0.061094;0.076367;0.091640;0.106914;0.122187;0.137461;0.152734;0.168007;0.183281;0.198554;0.213827;0.229101;0.244374;0.259648;0.274921;0.290194;0.305468,,m541_06_fill_holes_and_orientation.obj,Vase
m622_06_fill_holes_and_orientation.obj,,,,,,,,,,,,0.231792;0.078026;0.054922;0.042568;0.033844;0.032620;0.036050;0.047131;0.069021;0.104319;0.077174;0.045707;0.030785;0.022954;0.019705;0.015503;0.015112;0.016265;0.017649;0.008855,0.000000;0.158749;0.317497;0.476246;0.634994;0.793743;0.952492;1.111240;1.269989;1.428737;1.587486;1.746234;1.904983;2.063732;2.222480;2.381229;2.539977;2.698726;2.857475;3.016223;3.174972,0.000000;0.024523;0.000000;0.000000;0.000000;0.034060;0.000000;0.036785;0.000000;0.000000;0.000000;0.000000;0.179837;0.000000;0.625341;0.099455;0.000000;0.000000;0.000000;0.000000,0.000000;0.035662;0.071324;0.106986;0.142648;0.178310;0.213972;0.249634;0.285296;0.320958;0.356620;0.392282;0.427944;0.463606;0.499268;0.534930;0.570592;0.606254;0.641916;0.677578;0.713240,0.298570;0.211730;0.062200;0.000000;0.046300;0.016360;0.000000;0.000000;0.014110;0.047690;0.000000;0.000000;0.000000;0.055600;0.002550;0.000000;0.000000;0.053140;0.191730;0.000020,0.000000;0.052882;0.105763;0.158645;0.211527;0.264408;0.317290;0.370172;0.423053;0.475935;0.528817;0.581698;0.634580;0.687462;0.740343;0.793225;0.846107;0.898988;0.951870;1.004752;1.057634,0.216890;0.210480;0.060080;0.093280;0.106890;0.104930;0.091000;0.062010;0.035800;0.017170;0.001470;0.000000;0.000000;0.000000;0.000000;0.000000;0.000000;0.000000;0.000000;0.000000,0.000000;0.026508;0.053016;0.079524;0.106033;0.132541;0.159049;0.185557;0.212065;0.238573;0.265081;0.291589;0.318098;0.344606;0.371114;0.397622;0.424130;0.450638;0.477146;0.503654;0.530163,0.214670;0.206520;0.194060;0.198540;0.129500;0.046190;0.008880;0.001600;0.000040;0.000000;0.000000;0.000000;0.000000;0.000000;0.000000;0.000000;0.000000;0.000000;0.000000;0.000000,0.000000;0.015273;0.030547;0.045820;0.061094;0.076367;0.091640;0.106914;0.122187;0.137461;0.152734;0.168007;0.183281;0.198554;0.213827;0.229101;0.244374;0.259648;0.274921;0.290194;0.305468,,m622_06_fill_holes_and_orientation.obj,FloorLamp
m623_06_fill_holes_and_orientation.obj,,,,,,,,,,,,0.156672;0.099381;0.063044;0.064376;0.068656;0.067834;0.059997;0.057051;0.055768;0.062933;0.044855;0.034994;0.029503;0.025915;0.023851;0.021085;0.021315;0.020594;0.017227;0.004950,0.000000;0.158749;0.317497;0.476246;0.634994;0.793743;0.952492;1.111240;1.269989;1.428737;1.587486;1.746234;1.904983;2.063732;2.222480;2.381229;2.539977;2.698726;2.857475;3.016223;3.174972,0.000000;0.019588;0.027835;0.000000;0.000000;0.000000;0.081443;0.027835;0.014433;0.144330;0.071134;0.134021;0.248454;0.178351;0.052577;0.000000;0.000000;0.000000;0.000000;0.000000,0.000000;0.035662;0.071324;0.106986;0.142648;0.178310;0.213972;0.249634;0.285296;0.320958;0.356620;0.392282;0.427944;0.463606;0.499268;0.534930;0.570592;0.606254;0.641916;0.677578;0.713240,0.045540;0.142090;0.252880;0.131810;0.046440;0.021650;0.010490;0.020120;0.017700;0.012450;0.021970;0.010510;0.013610;0.033180;0.030640;0.048220;0.058790;0.049430;0.032380;0.000100,0.000000;0.052882;0.105763;0.158645;0.211527;0.264408;0.317290;0.370172;0.423053;0.475935;0.528817;0.581698;0.634580;0.687462;0.740343;0.793225;0.846107;0.898988;0.951870;1.004752;1.057634,0.018870;0.092910;0.186020;0.191900;0.097520;0.082400;0.088360;0.084890;0.083050;0.050660;0.017900;0.004700;0.000800;0.000020;0.000000;0.000000;0.000000;0.000000;0.000000;0.000000,0.000000;0.026508;0.053016;0.079524;0.106033;0.132541;0.159049;0.185557;0.212065;0.238573;0.265081;0.291589;0.318098;0.344606;0.371114;0.397622;0.424130;0.450638;0.477146;0.503654;0.530163,0.028840;0.106450;0.186630;0.203670;0.158930;0.123380;0.099600;0.062080;0.022670;0.005990;0.001550;0.000190;0.000020;0.000000;0.000000;0.000000;0.000000;0.000000;0.000000;0.000000,0.000000;0.015273;0.030547;0.045820;0.061094;0.076367;0.091640;0.106914;0.122187;0.137461;0.152734;0.168007;0.183281;0.198554;0.213827;0.229101;0.244374;0.259648;0.274921;0.290194;0.305468,,m623_06_fill_holes_and_orientation.obj,FloorLamp
m624_06_fill_holes_and_orientation.obj,,,,,,,,,,,,0.171932;0.112334;0.060019;0.046928;0.042765;0.040046;0.044420;0.059166;0.077253;0.081677;0.066740;0.048954;0.031750;0.025611;0.022180;0.018940;0.018177;0.015980;0.011456;0.003672,0.000000;0.158749;0.317497;0.476246;0.634994;0.793743;0.952492;1.111240;1.269989;1.428737;1.587486;1.746234;1.904983;2.063732;2.222480;2.381229;2.539977;2.698726;2.857475;3.016223;3.174972,0.000000;0.014610;0.009740;0.000000;0.000000;0.030844;0.000000;0.025974;0.000000;0.000000;0.300325;0.280844;0.150974;0.079545;0.038961;0.068182;0.000000;0.000000;0.000000;0.000000,0.000000;0.035662;0.071324;0.106986;0.142648;0.178310;0.213972;0.249634;0.285296;0.320958;0.356620;0.392282;0.427944;0.463606;0.499268;0.534930;0.570592;0.606254;0.641916;0.677578;0.713240,0.104370;0.189880;0.145160;0.057210;0.063060;0.041820;0.012510;0.006330;0.025260;0.018580;0.000460;0.003200;0.030230;0.012430;0.002230;0.002570;0.112990;0.128660;0.042860;0.000190,0.000000;0.052882;0.105763;0.158645;0.211527;0.264408;0.317290;0.370172;0.423053;0.475935;0.528817;0.581698;0.634580;0.687462;0.740343;0.793225;0.846107;0.898988;0.951870;1.004752;1.057634,0.043980;0.178780;0.149790;0.085970;0.082500;0.078700;0.083750;0.076220;0.066840;0.056810;0.030960;0.027160;0.021380;0.013700;0.003400;0.000060;0.000000;0.000000;0.000000;0.000000,0.000000;0.026508;0.053016;0.079524;0.106033;0.132541;0.159049;0.185557;0.212065;0.238573;0.265081;0.291589;0.318098;0.344606;0.371114;0.397622;0.424130;0.450638;0.477146;0.503654;0.530163,0.056930;0.174470;0.159640;0.132900;0.137530;0.125370;0.097370;0.060810;0.030710;0.015980;0.007010;0.001280;0.000000;0.000000;0.000000;0.000000;0.000000;0.000000;0.000000;0.000000,0.000000;0.015273;0.030547;0.045820;0.061094;0.076367;0.091640;0.106914;0.122187;0.137461;0.152734;0.168007;0.183281;0.198554;0.213827;0.229101;0.244374;0.259648;0.274921;0.290194;0.305468,,m624_06_fill_holes_and_orientation.obj,FloorLamp
m689_06_fill_holes_and_orientation.obj,,,,,,,,,,,,0.075379;0.092520;0.090169;0.085886;0.081583;0.079091;0.074408;0.069905;0.065433;0.062601;0.051704;0.040166;0.031951;0.027068;0.021774;0.017852;0.014139;0.010517;0.006054;0.001801,0.000000;0.158749;0.317497;0.476246;0.634994;0.793743;0.952492;1.111240;1.269989;1.428737;1.587486;1.746234;1.904983;2.063732;2.222480;2.381229;2.539977;2.698726;2.857475;3.016223;3.174972,0.035032;0.284855;0.300071;0.240269;0.038924;0.017339;0.012739;0.065110;0.000000;0.003539;0.000000;0.000000;0.000000;0.000000;0.000000;0.001769;0.000000;0.000000;0.000000;0.000354,0.000000;0.035662;0.071324;0.106986;0.142648;0.178310;0.213972;0.249634;0.285296;0.320958;0.356620;0.392282;0.427944;0.463606;0.499268;0.534930;0.570592;0.606254;0.641916;0.677578;0.713240,0.336130;0.415370;0.124360;0.091600;0.020590;0.001640;0.000390;0.002690;0.002830;0.000580;0.000290;0.001780;0.000710;0.000050;0.000180;0.000620;0.000150;0.000000;0.000040;0.000000,0.000000;0.052882;0.105763;0.158645;0.211527;0.264408;0.317290;0.370172;0.423053;0.475935;0.528817;0.581698;0.634580;0.687462;0.740343;0.793225;0.846107;0.898988;0.951870;1.004752;1.057634,0.304870;0.433860;0.199860;0.053140;0.004850;0.002220;0.000980;0.000130;0.000090;0.000000;0.000000;0.000000;0.000000;0.000000;0.000000;0.000000;0.000000;0.000000;0.000000;0.000000,0.000000;0.026508;0.053016;0.079524;0.106033;0.132541;0.159049;0.185557;0.212065;0.238573;0.265081;0.291589;0.318098;0.344606;0.371114;0.397622;0.424130;0.450638;0.477146;0.503654;0.530163,0.350450;0.438120;0.177110;0.031100;0.002740;0.000430;0.000050;0.000000;0.000000;0.000000;0.000000;0.000000;0.000000;0.000000;0.000000;0.000000;0.000000;0.000000;0.000000;0.000000,0.000000;0.015273;0.030547;0.045820;0.061094;0.076367;0.091640;0.106914;0.122187;0.137461;0.152734;0.168007;0.183281;0.198554;0.213827;0.229101;0.244374;0.259648;0.274921;0.290194;0.305468,,m689_06_fill_holes_and_orientation.obj,Sword
m690_06_fill_holes_and_orientation.obj,,,,,,,,,,,,0.077132;0.086939;0.082806;0.086219;0.083517;0.081575;0.082746;0.073470;0.065825;0.063573;0.051055;0.037295;0.029120;0.023676;0.022015;0.017772;0.014300;0.011027;0.007745;0.002191,0.000000;0.158749;0.317497;0.476246;0.634994;0.793743;0.952492;1.111240;1.269989;1.428737;1.587486;1.746234;1.904983;2.063732;2.222480;2.381229;2.539977;2.698726;2.857475;3.016223;3.174972,0.244507;0.284196;0.345500;0.031538;0.028349;0.002835;0.062721;0.000000;0.000000;0.000000;0.000354;0.000000;0.000000;0.000000;0.000000;0.000000;0.000000;0.000000;0.000000;0.000000,0.000000;0.035662;0.071324;0.106986;0.142648;0.178310;0.213972;0.249634;0.285296;0.320958;0.356620;0.392282;0.427944;0.463606;0.499268;0.534930;0.570592;0.606254;0.641916;0.677578;0.713240,0.318200;0.460260;0.106090;0.091660;0.019130;0.000190;0.000090;0.000890;0.000820;0.000080;0.000030;0.000900;0.000500;0.000060;0.000200;0.000700;0.000120;0.000040;0.000040;0.000000,0.000000;0.052882;0.105763;0.158645;0.211527;0.264408;0.317290;0.370172;0.423053;0.475935;0.528817;0.581698;0.634580;0.687462;0.740343;0.793225;0.846107;0.898988;0.951870;1.004752;1.057634,0.295100;0.501110;0.158500;0.041510;0.002280;0.000890;0.000470;0.000120;0.000020;0.000000;0.000000;0.000000;0.000000;0.000000;0.000000;0.000000;0.000000;0.000000;0.000000;0.000000,0.000000;0.026508;0.053016;0.079524;0.106033;0.132541;0.159049;0.185557;0.212065;0.238573;0.265081;0.291589;0.318098;0.344606;0.371114;0.397622;0.424130;0.450638;0.477146;0.503654;0.530163,0.362760;0.463790;0.148970;0.022780;0.001490;0.000210;0.000000;0.000000;0.000000;0.000000;0.000000;0.000000;0.000000;0.000000;0.000000;0.000000;0.000000;0.000000;0.000000;0.000000,0.000000;0.015273;0.030547;0.045820;0.061094;0.076367;0.091640;0.106914;0.122187;0.137461;0.152734;0.168007;0.183281;0.198554;0.213827;0.229101;0.244374;0.259648;0.274921;0.290194;0.305468,,m690_06_fill_holes_and_orientation.obj,Sword
m693_06_fill_holes_and_orientation.obj,,,,,,,,,,,,0.257503;0.074696;0.058474;0.065179;0.056082;0.047025;0.040620;0.039149;0.036958;0.044383;0.030103;0.026330;0.023928;0.025999;0.031604;0.029812;0.030863;0.018804;0.022687;0.039800,0.000000;0.158749;0.317497;0.476246;0.634994;0.793743;0.952492;1.111240;1.269989;1.428737;1.587486;1.746234;1.904983;2.063732;2.222480;2.381229;2.539977;2.698726;2.857475;3.016223;3.174972,0.000411;0.053065;0.000000;0.029206;0.298231;0.187988;0.201974;0.039901;0.002057;0.028795;0.060058;0.025915;0.011107;0.000000;0.000000;0.000000;0.000000;0.061292;0.000000;0.000000,0.000000;0.035662;0.071324;0.106986;0.142648;0.178310;0.213972;0.249634;0.285296;0.320958;0.356620;0.392282;0.427944;0.463606;0.499268;0.534930;0.570592;0.606254;0.641916;0.677578;0.713240,0.275260;0.230250;0.050510;0.106250;0.060500;0.017050;0.003010;0.050460;0.029600;0.003180;0.019010;0.032680;0.015870;0.002850;0.042250;0.046270;0.003830;0.003930;0.007240;0.000000,0.000000;0.052882;0.105763;0.158645;0.211527;0.264408;0.317290;0.370172;0.423053;0.475935;0.528817;0.581698;0.634580;0.687462;0.740343;0.793225;0.846107;0.898988;0.951870;1.004752;1.057634,0.243680;0.353950;0.209550;0.099150;0.061200;0.026490;0.005290;0.000690;0.000000;0.000000;0.000000;0.000000;0.000000;0.000000;0.000000;0.000000;0.000000;0.000000;0.000000;0.000000,0.000000;0.026508;0.053016;0.079524;0.106033;0.132541;0.159049;0.185557;0.212065;0.238573;0.265081;0.291589;0.318098;0.344606;0.371114;0.397622;0.424130;0.450638;0.477146;0.503654;0.530163,0.333160;0.460690;0.161240;0.038430;0.006080;0.000400;0.000000;0.000000;0.000000;0.000000;0.000000;0.000000;0.000000;0.000000;0.000000;0.000000;0.000000;0.000000;0.000000;0.000000,0.000000;0.015273;0.030547;0.045820;0.061094;0.076367;0.091640;0.106914;0.122187;0.137461;0.152734;0.168007;0.183281;0.198554;0.213827;0.229101;0.244374;0.259648;0.274921;0.290194;0.305468,,m693_06_fill_holes_and_orientation.obj,Sword
m74_06_fill_holes_and_orientation.obj,,,,,,,,,,,,0.173672;0.115548;0.095493;0.074857;0.061707;0.050438;0.039850;0.033556;0.032054;0.030373;0.030363;0.030403;0.032234;0.035087;0.033365;0.040161;0.043233;0.030994;0.013560;0.003052,0.000000;0.158749;0.317497;0.476246;0.634994;0.793743;0.952492;1.111240;1.269989;1.428737;1.587486;1.746234;1.904983;2.063732;2.222480;2.381229;2.539977;2.698726;2.857475;3.016223;3.174972,0.000000;0.004693;0.030896;0.033633;0.063355;0.094642;0.080954;0.045366;0.052796;0.238561;0.102073;0.141181;0.003129;0.012906;0.022683;0.052014;0.021118;0.000000;0.000000;0.000000,0.000000;0.035662;0.071324;0.106986;0.142648;0.178310;0.213972;0.249634;0.285296;0.320958;0.356620;0.392282;0.427944;0.463606;0.499268;0.534930;0.570592;0.606254;0.641916;0.677578;0.713240,0.136950;0.165220;0.069650;0.084680;0.081040;0.057700;0.050840;0.042130;0.054250;0.047740;0.031340;0.013630;0.014430;0.021250;0.019080;0.021130;0.037590;0.035700;0.015650;0.000000,0.000000;0.052882;0.105763;0.158645;0.211527;0.264408;0.317290;0.370172;0.423053;0.475935;0.528817;0.581698;0.634580;0.687462;0.740343;0.793225;0.846107;0.898988;0.951870;1.004752;1.057634,0.096820;0.161200;0.153630;0.136280;0.109670;0.091020;0.089300;0.071220;0.042910;0.022920;0.015620;0.007590;0.001810;0.000010;0.000000;0.000000;0.000000;0.000000;0.000000;0.000000,0.000000;0.026508;0.053016;0.079524;0.106033;0.132541;0.159049;0.185557;0.212065;0.238573;0.265081;0.291589;0.318098;0.344606;0.371114;0.397622;0.424130;0.450638;0.477146;0.503654;0.530163,0.110390;0.219710;0.203340;0.159190;0.122610;0.083050;0.051420;0.027220;0.014020;0.006610;0.001990;0.000420;0.000010;0.000020;0.000000;0.000000;0.000000;0.000000;0.000000;0.000000,0.000000;0.015273;0.030547;0.045820;0.061094;0.076367;0.091640;0.106914;0.122187;0.137461;0.152734;0.168007;0.183281;0.198554;0.213827;0.229101;0.244374;0.259648;0.274921;0.290194;0.305468,,m74_06_fill_holes_and_orientation.obj,AquaticAnimal
m7_06_fill_holes_and_orientation.obj,,,,,,,,,,,,0.049507;0.094591;0.104747;0.097723;0.087217;0.079613;0.073139;0.068907;0.063224;0.055970;0.048996;0.041202;0.035769;0.029506;0.023293;0.017930;0.013077;0.009005;0.005143;0.001441,0.000000;0.158749;0.317497;0.476246;0.634994;0.793743;0.952492;1.111240;1.269989;1.428737;1.587486;1.746234;1.904983;2.063732;2.222480;2.381229;2.539977;2.698726;2.857475;3.016223;3.174972,0.006398;0.020177;0.030758;0.050935;0.052657;0.059547;0.101624;0.076280;0.089813;0.144439;0.115404;0.144685;0.074557;0.017470;0.015256;0.000000;0.000000;0.000000;0.000000;0.000000,0.000000;0.035662;0.071324;0.106986;0.142648;0.178310;0.213972;0.249634;0.285296;0.320958;0.356620;0.392282;0.427944;0.463606;0.499268;0.534930;0.570592;0.606254;0.641916;0.677578;0.713240,0.020110;0.054600;0.094170;0.134980;0.170250;0.096210;0.093570;0.076080;0.065210;0.042130;0.027780;0.024790;0.023820;0.022570;0.020970;0.017290;0.012060;0.003280;0.000120;0.000010,0.000000;0.052882;0.105763;0.158645;0.211527;0.264408;0.317290;0.370172;0.423053;0.475935;0.528817;0.581698;0.634580;0.687462;0.740343;0.793225;0.846107;0.898988;0.951870;1.004752;1.057634,0.005050;0.030020;0.071540;0.121720;0.159180;0.148150;0.126320;0.107510;0.080880;0.056380;0.041360;0.028510;0.014480;0.006250;0.002280;0.000370;0.000000;0.000000;0.000000;0.000000,0.000000;0.026508;0.053016;0.079524;0.106033;0.132541;0.159049;0.185557;0.212065;0.238573;0.265081;0.291589;0.318098;0.344606;0.371114;0.397622;0.424130;0.450638;0.477146;0.503654;0.530163,0.007700;0.039110;0.087590;0.129590;0.156720;0.158320;0.134830;0.104960;0.074340;0.047130;0.030360;0.017190;0.007900;0.002930;0.001090;0.000210;0.000030;0.000000;0.000000;0.000000,0.000000;0.015273;0.030547;0.045820;0.061094;0.076367;0.091640;0.106914;0.122187;0.137461;0.152734;0.168007;0.183281;0.198554;0.213827;0.229101;0.244374;0.259648;0.274921;0.290194;0.305468,,m7_06_fill_holes_and_orientation.obj,Insect
m877_06_fill_holes_and_orientation.obj,,,,,,,,,,,,0.093263;0.073698;0.067791;0.055486;0.111494;0.108727;0.054624;0.068172;0.062546;0.110211;0.059678;0.036302;0.024629;0.018171;0.015283;0.009697;0.009547;0.008013;0.007170;0.005495,0.000000;0.158749;0.317497;0.476246;0.634994;0.793743;0.952492;1.111240;1.269989;1.428737;1.587486;1.746234;1.904983;2.063732;2.222480;2.381229;2.539977;2.698726;2.857475;3.016223;3.174972,0.055394;0.000000;0.000000;0.000000;0.000000;0.097668;0.000000;0.016035;0.000000;0.128280;0.440233;0.193878;0.032070;0.000000;0.036443;0.000000;0.000000;0.000000;0.000000;0.000000,0.000000;0.035662;0.071324;0.106986;0.142648;0.178310;0.213972;0.249634;0.285296;0.320958;0.356620;0.392282;0.427944;0.463606;0.499268;0.534930;0.570592;0.606254;0.641916;0.677578;0.713240,0.038690;0.029920;0.038350;0.062410;0.043320;0.035680;0.053710;0.087360;0.048370;0.212510;0.102980;0.025790;0.046400;0.116030;0.043030;0.004020;0.007980;0.003210;0.000000;0.000240,0.000000;0.052882;0.105763;0.158645;0.211527;0.264408;0.317290;0.370172;0.423053;0.475935;0.528817;0.581698;0.634580;0.687462;0.740343;0.793225;0.846107;0.898988;0.951870;1.004752;1.057634,0.020780;0.061640;0.052560;0.027430;0.061850;0.058630;0.086690;0.093200;0.080890;0.085440;0.067670;0.042750;0.048540;0.113190;0.061640;0.025580;0.009130;0.001640;0.000690;0.000060,0.000000;0.026508;0.053016;0.079524;0.106033;0.132541;0.159049;0.185557;0.212065;0.238573;0.265081;0.291589;0.318098;0.344606;0.371114;0.397622;0.424130;0.450638;0.477146;0.503654;0.530163,0.029940;0.057230;0.088760;0.099990;0.074430;0.062000;0.064990;0.062040;0.102100;0.063960;0.077990;0.059610;0.067590;0.053150;0.022500;0.009510;0.002960;0.001010;0.000220;0.000020,0.000000;0.015273;0.030547;0.045820;0.061094;0.076367;0.091640;0.106914;0.122187;0.137461;0.152734;0.168007;0.183281;0.198554;0.213827;0.229101;0.244374;0.259648;0.274921;0.290194;0.305468,,m877_06_fill_holes_and_orientation.obj,RectangleTable
m892_06_fill_holes_and_orientation.obj,,,,,,,,,,,,0.056470;0.060024;0.086453;0.092589;0.089576;0.095152;0.096363;0.081007;0.078814;0.073699;0.055459;0.039382;0.029732;0.021833;0.014005;0.009120;0.006977;0.005306;0.004415;0.003624,0.000000;0.158749;0.317497;0.476246;0.634994;0.793743;0.952492;1.111240;1.269989;1.428737;1.587486;1.746234;1.904983;2.063732;2.222480;2.381229;2.539977;2.698726;2.857475;3.016223;3.174972,0.000000;0.005249;0.001575;0.001575;0.031496;0.213123;0.169554;0.263517;0.137008;0.092388;0.057218;0.003150;0.006299;0.000000;0.008924;0.004199;0.004724;0.000000;0.000000;0.000000,0.000000;0.035662;0.071324;0.106986;0.142648;0.178310;0.213972;0.249634;0.285296;0.320958;0.356620;0.392282;0.427944;0.463606;0.499268;0.534930;0.570592;0.606254;0.641916;0.677578;0.713240,0.035610;0.048780;0.053100;0.113270;0.092770;0.106670;0.139710;0.201310;0.100110;0.069260;0.012360;0.005560;0.004660;0.009680;0.004190;0.002660;0.000020;0.000070;0.000090;0.000120,0.000000;0.052882;0.105763;0.158645;0.211527;0.264408;0.317290;0.370172;0.423053;0.475935;0.528817;0.581698;0.634580;0.687462;0.740343;0.793225;0.846107;0.898988;0.951870;1.004752;1.057634,0.031710;0.045670;0.047330;0.079130;0.096010;0.117440;0.153790;0.155210;0.116920;0.104650;0.031710;0.009760;0.006060;0.003240;0.001030;0.000190;0.000130;0.000010;0.000010;0.000000,0.000000;0.026508;0.053016;0.079524;0.106033;0.132541;0.159049;0.185557;0.212065;0.238573;0.265081;0.291589;0.318098;0.344606;0.371114;0.397622;0.424130;0.450638;0.477146;0.503654;0.530163,0.027310;0.074970;0.091660;0.081620;0.101670;0.120800;0.131030;0.119900;0.104990;0.073810;0.046470;0.015590;0.006600;0.002640;0.000650;0.000190;0.000100;0.000000;0.000000;0.000000,0.000000;0.015273;0.030547;0.045820;0.061094;0.076367;0.091640;0.106914;0.122187;0.137461;0.152734;0.168007;0.183281;0.198554;0.213827;0.229101;0.244374;0.259648;0.274921;0.290194;0.305468,,m892_06_fill_holes_and_orientation.obj,RectangleTable
m893_06_fill_holes_and_orientation.obj,,,,,,,,,,,,0.082118;0.049411;0.062642;0.094729;0.081948;0.100563;0.095439;0.076453;0.074091;0.107759;0.060170;0.031346;0.021608;0.017675;0.013241;0.009198;0.007636;0.005505;0.004594;0.003873,0.000000;0.158749;0.317497;0.476246;0.634994;0.793743;0.952492;1.111240;1.269989;1.428737;1.587486;1.746234;1.904983;2.063732;2.222480;2.381229;2.539977;2.698726;2.857475;3.016223;3.174972,0.000000;0.000000;0.000000;0.000406;0.000000;0.001622;0.000000;0.000000;0.012571;0.001217;0.000000;0.020681;0.000000;0.000000;0.023114;0.140714;0.021492;0.066504;0.019870;0.691809,0.000000;0.035662;0.071324;0.106986;0.142648;0.178310;0.213972;0.249634;0.285296;0.320958;0.356620;0.392282;0.427944;0.463606;0.499268;0.534930;0.570592;0.606254;0.641916;0.677578;0.713240,0.062360;0.000000;0.005830;0.021810;0.034950;0.016630;0.013690;0.005810;0.028220;0.052890;0.068040;0.022500;0.019530;0.045220;0.026000;0.007970;0.032470;0.084850;0.105550;0.345680,0.000000;0.052882;0.105763;0.158645;0.211527;0.264408;0.317290;0.370172;0.423053;0.475935;0.528817;0.581698;0.634580;0.687462;0.740343;0.793225;0.846107;0.898988;0.951870;1.004752;1.057634,0.013070;0.040280;0.055450;0.043390;0.031430;0.010640;0.006190;0.006610;0.028280;0.028730;0.017420;0.036800;0.047760;0.044820;0.021690;0.028410;0.031140;0.043150;0.079010;0.385730,0.000000;0.026508;0.053016;0.079524;0.106033;0.132541;0.159049;0.185557;0.212065;0.238573;0.265081;0.291589;0.318098;0.344606;0.371114;0.397622;0.424130;0.450638;0.477146;0.503654;0.530163,0.017620;0.035100;0.038390;0.056030;0.069400;0.062890;0.051120;0.037970;0.031730;0.025930;0.027850;0.014320;0.013590;0.023240;0.023190;0.029710;0.082810;0.055340;0.019930;0.283840,0.000000;0.015273;0.030547;0.045820;0.061094;0.076367;0.091640;0.106914;0.122187;0.137461;0.152734;0.168007;0.183281;0.198554;0.213827;0.229101;0.244374;0.259648;0.274921;0.290194;0.305468,,m893_06_fill_holes_and_orientation.obj,RectangleTable
m910_06_fill_holes_and_orientation.obj,,,,,,,,,,,,0.162697;0.078332;0.069986;0.074259;0.073028;0.069846;0.064543;0.053535;0.047521;0.046010;0.041367;0.039546;0.033912;0.029049;0.025967;0.023876;0.024146;0.018872;0.015490;0.008015,0.000000;0.158749;0.317497;0.476246;0.634994;0.793743;0.952492;1.111240;1.269989;1.428737;1.587486;1.746234;1.904983;2.063732;2.222480;2.381229;2.539977;2.698726;2.857475;3.016223;3.174972,0.000000;0.001801;0.001029;0.031909;0.487648;0.195059;0.062790;0.057128;0.040916;0.041431;0.044519;0.020072;0.005919;0.005661;0.004117;0.000000;0.000000;0.000000;0.000000;0.000000,0.000000;0.035662;0.071324;0.106986;0.142648;0.178310;0.213972;0.249634;0.285296;0.320958;0.356620;0.392282;0.427944;0.463606;0.499268;0.534930;0.570592;0.606254;0.641916;0.677578;0.713240,0.145580;0.075390;0.031880;0.100890;0.119470;0.158000;0.156600;0.060770;0.042970;0.048290;0.034010;0.014130;0.007840;0.002740;0.001180;0.000190;0.000050;0.000020;0.000000;0.000000,0.000000;0.052882;0.105763;0.158645;0.211527;0.264408;0.317290;0.370172;0.423053;0.475935;0.528817;0.581698;0.634580;0.687462;0.740343;0.793225;0.846107;0.898988;0.951870;1.004752;1.057634,0.257940;0.094860;0.075880;0.102760;0.080270;0.090700;0.103050;0.081950;0.050430;0.029750;0.016150;0.008260;0.004510;0.002410;0.000790;0.000240;0.000030;0.000010;0.000010;0.000000,0.000000;0.026508;0.053016;0.079524;0.106033;0.132541;0.159049;0.185557;0.212065;0.238573;0.265081;0.291589;0.318098;0.344606;0.371114;0.397622;0.424130;0.450638;0.477146;0.503654;0.530163,0.322260;0.353940;0.162330;0.041780;0.019180;0.015180;0.018840;0.017690;0.014980;0.013640;0.009840;0.005690;0.002560;0.001100;0.000620;0.000280;0.000070;0.000020;0.000000;0.000000,0.000000;0.015273;0.030547;0.045820;0.061094;0.076367;0.091640;0.106914;0.122187;0.137461;0.152734;0.168007;0.183281;0.198554;0.213827;0.229101;0.244374;0.259648;0.274921;0.290194;0.305468,,m910_06_fill_holes_and_orientation.obj,RectangleTable
m931_06_fill_holes_and_orientation.obj,,,,,,,,,,,,0.047900;0.060404;0.070893;0.095540;0.106018;0.104404;0.097104;0.085813;0.072607;0.077671;0.058920;0.036660;0.027294;0.019493;0.013246;0.009426;0.006879;0.005104;0.003369;0.001253,0.000000;0.158749;0.317497;0.476246;0.634994;0.793743;0.952492;1.111240;1.269989;1.428737;1.587486;1.746234;1.904983;2.063732;2.222480;2.381229;2.539977;2.698726;2.857475;3.016223;3.174972,0.000000;0.000000;0.000000;0.000000;0.000000;0.001401;0.012605;0.012605;0.029412;0.042017;0.049020;0.131653;0.235294;0.225490;0.019608;0.000000;0.001401;0.061625;0.028011;0.149860,0.000000;0.035662;0.071324;0.106986;0.142648;0.178310;0.213972;0.249634;0.285296;0.320958;0.356620;0.392282;0.427944;0.463606;0.499268;0.534930;0.570592;0.606254;0.641916;0.677578;0.713240,0.012750;0.019320;0.015880;0.019090;0.043700;0.029230;0.029380;0.031480;0.049490;0.049530;0.068260;0.074380;0.048710;0.082510;0.076850;0.055040;0.049770;0.048710;0.034770;0.161150,0.000000;0.052882;0.105763;0.158645;0.211527;0.264408;0.317290;0.370172;0.423053;0.475935;0.528817;0.581698;0.634580;0.687462;0.740343;0.793225;0.846107;0.898988;0.951870;1.004752;1.057634,0.005570;0.004370;0.013240;0.021680;0.028510;0.037600;0.036660;0.035390;0.039470;0.052150;0.049510;0.054340;0.051300;0.057200;0.057650;0.065580;0.067320;0.059190;0.057840;0.205430,0.000000;0.026508;0.053016;0.079524;0.106033;0.132541;0.159049;0.185557;0.212065;0.238573;0.265081;0.291589;0.318098;0.344606;0.371114;0.397622;0.424130;0.450638;0.477146;0.503654;0.530163,0.012740;0.005880;0.015620;0.024380;0.034050;0.042320;0.049430;0.054290;0.053470;0.054210;0.050240;0.047340;0.047840;0.050360;0.053110;0.052610;0.046890;0.043940;0.047580;0.213700,0.000000;0.015273;0.030547;0.045820;0.061094;0.076367;0.091640;0.106914;0.122187;0.137461;0.152734;0.168007;0.183281;0.198554;0.213827;0.229101;0.244374;0.259648;0.274921;0.290194;0.305468,,m931_06_fill_holes_and_orientation.obj,RoundTable
m975_06_fill_holes_and_orientation.obj,,,,,,,,,,,,0.061184;0.102854;0.105566;0.093017;0.085171;0.076055;0.070671;0.064506;0.057351;0.051037;0.045062;0.038678;0.032784;0.029791;0.024978;0.021045;0.016962;0.013420;0.007816;0.002051,0.000000;0.158749;0.317497;0.476246;0.634994;0.793743;0.952492;1.111240;1.269989;1.428737;1.587486;1.746234;1.904983;2.063732;2.222480;2.381229;2.539977;2.698726;2.857475;3.016223;3.174972,0.035675;0.159845;0.204923;0.230642;0.072732;0.058075;0.060564;0.064712;0.036504;0.029867;0.012445;0.000830;0.002489;0.004701;0.001106;0.002212;0.004701;0.015763;0.002212;0.000000,0.000000;0.035662;0.071324;0.106986;0.142648;0.178310;0.213972;0.249634;0.285296;0.320958;0.356620;0.392282;0.427944;0.463606;0.499268;0.534930;0.570592;0.606254;0.641916;0.677578;0.713240,0.046120;0.182130;0.215420;0.127890;0.122210;0.107040;0.068390;0.031640;0.019110;0.015430;0.011680;0.011570;0.015010;0.012630;0.007460;0.002480;0.001840;0.001540;0.000410;0.000000,0.000000;0.052882;0.105763;0.158645;0.211527;0.264408;0.317290;0.370172;0.423053;0.475935;0.528817;0.581698;0.634580;0.687462;0.740343;0.793225;0.846107;0.898988;0.951870;1.004752;1.057634,0.016930;0.130250;0.230940;0.210450;0.158210;0.098990;0.058950;0.039450;0.023160;0.013320;0.008620;0.005190;0.002770;0.001600;0.000640;0.000360;0.000140;0.000030;0.000000;0.000000,0.000000;0.026508;0.053016;0.079524;0.106033;0.132541;0.159049;0.185557;0.212065;0.238573;0.265081;0.291589;0.318098;0.344606;0.371114;0.397622;0.424130;0.450638;0.477146;0.503654;0.530163,0.028160;0.145010;0.244470;0.232710;0.161200;0.094800;0.049250;0.025170;0.010980;0.005580;0.001820;0.000670;0.000170;0.000010;0.000000;0.000000;0.000000;0.000000;0.000000;0.000000,0.000000;0.015273;0.030547;0.045820;0.061094;0.076367;0.091640;0.106914;0.122187;0.137461;0.152734;0.168007;0.183281;0.198554;0.213827;0.229101;0.244374;0.259648;0.274921;0.290194;0.305468,,m975_06_fill_holes_and_orientation.obj,PlantWildNonTree
m998_06_fill_holes_and_orientation.obj,,,,,,,,,,,,0.054441;0.096648;0.091626;0.084733;0.079311;0.080962;0.079301;0.076660;0.075880;0.067176;0.056672;0.043137;0.032163;0.024970;0.018997;0.014035;0.010494;0.007473;0.004252;0.001070,0.000000;0.158749;0.317497;0.476246;0.634994;0.793743;0.952492;1.111240;1.269989;1.428737;1.587486;1.746234;1.904983;2.063732;2.222480;2.381229;2.539977;2.698726;2.857475;3.016223;3.174972,0.005764;0.006004;0.005764;0.025216;0.453890;0.201489;0.073007;0.065322;0.064601;0.040586;0.002642;0.005283;0.005524;0.008165;0.010567;0.013449;0.006244;0.003362;0.002161;0.000961,0.000000;0.035662;0.071324;0.106986;0.142648;0.178310;0.213972;0.249634;0.285296;0.320958;0.356620;0.392282;0.427944;0.463606;0.499268;0.534930;0.570592;0.606254;0.641916;0.677578;0.713240,0.053000;0.118830;0.173450;0.255080;0.109030;0.047010;0.042050;0.044560;0.033820;0.021480;0.018740;0.021780;0.022150;0.017180;0.011790;0.006270;0.002620;0.000860;0.000260;0.000040,0.000000;0.052882;0.105763;0.158645;0.211527;0.264408;0.317290;0.370172;0.423053;0.475935;0.528817;0.581698;0.634580;0.687462;0.740343;0.793225;0.846107;0.898988;0.951870;1.004752;1.057634,0.019510;0.090960;0.172840;0.202000;0.176400;0.104160;0.082080;0.066440;0.041330;0.029370;0.011730;0.002470;0.000490;0.000170;0.000030;0.000020;0.000000;0.000000;0.000000;0.000000,0.000000;0.026508;0.053016;0.079524;0.106033;0.132541;0.159049;0.185557;0.212065;0.238573;0.265081;0.291589;0.318098;0.344606;0.371114;0.397622;0.424130;0.450638;0.477146;0.503654;0.530163,0.023430;0.105450;0.177270;0.191930;0.163810;0.132430;0.093480;0.062570;0.033890;0.012310;0.002480;0.000760;0.000190;0.000000;0.000000;0.000000;0.000000;0.000000;0.000000;0.000000,0.000000;0.015273;0.030547;0.045820;0.061094;0.076367;0.091640;0.106914;0.122187;0.137461;0.152734;0.168007;0.183281;0.198554;0.213827;0.229101;0.244374;0.259648;0.274921;0.290194;0.305468,,m998_06_fill_holes_and_orientation.obj,PlantIndoors
