class,class_size,tp,fp,fn,tn,P,N_total,AP,ROC_AUC,TP,FP,FN,TN,TPR,TNR,PPV,NPV,FNR,FPR,FDR,FOR,TS,ACC,F1,F0_5,F2,MCC,BM,MK,LR+,LR-,ROC_AUC_micro,ROC_AUC_macro
AircraftBuoyant,128,1.5,8.5,5.5,19372.5,7.0,19388.0,0.19409656776342088,0.6880952380952381,1.5,8.5,5.5,19372.5,0.21428571428571427,0.9995614261390021,0.15,0.9997161729796676,0.7857142857142857,0.0004385738609978845,0.85,0.00028382702033233565,0.1013764880952381,0.9992779038580566,0.21719457013574658,0.19639934533551553,0.24291497975708495,0.17893120316768152,0.21384714042471642,0.14971617297966766,534.9276856575964,0.7860664102118513,0.6729980603151666,
Apartment,183,0.5652173913043478,9.434782608695652,6.391304347826087,19371.608695652172,6.956521739130435,19388.0,0.11394567987499096,0.5825129501878085,0.5652173913043478,9.434782608695652,6.391304347826087,19371.608695652172,0.08074534161490683,0.9995131953884523,0.05652173913043478,0.9996701772965307,0.9192546583850931,0.00048680461154777945,0.9434782608695652,0.0003298227034691964,0.03641304347826087,0.9991837174047596,0.15294117647058822,0.13829787234042554,0.17105263157894732,0.0671556992161567,0.08025853700335904,0.05619191642696562,183.91218081435474,0.9197061126738609,0.585032183782903,
AquaticAnimal,224,2.4285714285714284,7.571428571428571,4.571428571428571,19373.428571428572,7.0,19388.0,0.541183469271875,0.8667484467276998,2.4285714285714284,7.571428571428571,4.571428571428571,19373.428571428572,0.3469387755102041,0.9996093375691951,0.24285714285714285,0.9997640918272562,0.6530612244897959,0.0003906624308048383,0.7571428571428571,0.0002359081727437595,0.19754174397031538,0.9993736921217836,0.36363636363636365,0.32882011605415856,0.4066985645933014,0.2899653963369984,0.3465481130793992,0.24262123468439908,1410.6473720440556,0.6533504033776393,0.8640403741026149,
Bed,212,2.2222222222222223,7.777777777777778,4.62962962962963,19373.37037037037,6.851851851851852,19388.0,0.4937257101991894,0.7789606279859287,2.2222222222222223,7.777777777777778,4.62962962962963,19373.37037037037,0.32451499118165783,0.9995986937397956,0.2222222222222222,0.9997610883667236,0.6754850088183422,0.00040130626020442515,0.7777777777777778,0.0002389116332763768,0.1741804491804492,0.9993600470699708,0.3558823529411764,0.32007400555041626,0.40092879256965935,0.2681336408834095,0.3241136849214534,0.22198331058894585,1095.312554239803,0.6757851711623635,0.7741044298258916,
Bicycle,207,6.5,3.5,1.2307692307692308,19376.76923076923,6.961538461538462,19388.0,1.6776236890286915,0.9583473657354253,6.5,3.5,1.2307692307692308,19376.76923076923,0.8223443223443223,0.999819408919816,0.6499999999999999,0.9999364862611844,0.17765567765567764,0.00018059108018388969,0.35,6.351373881562755e-05,0.626850233100233,0.9997559949850027,0.7235386732290757,0.6771012895302574,0.7789026717886591,0.7296945124794422,0.8221637312641386,0.6499364862611844,8197.93507936508,0.1777254475002052,0.9553034629613275,
Biplane,360,2.6666666666666665,7.333333333333333,4.333333333333333,19373.666666666668,7.0,19388.0,1.0240843127017,0.8905304613202648,2.6666666666666665,7.333333333333333,4.333333333333333,19373.666666666668,0.38095238095238093,0.9996216225512959,0.26666666666666666,0.9997763787112532,0.6190476190476191,0.0003783774487040572,0.7333333333333333,0.0002236212887466887,0.20555648055648057,0.9993982532150472,0.3529411764705882,0.3191489361702128,0.3947368421052631,0.3184357022778489,0.3805740035036769,0.26644304537791996,1282.0563240110857,0.6193052231722451,0.8832988659872627,
Bird,343,1.441860465116279,8.55813953488372,5.534883720930233,19372.46511627907,6.976744186046512,19388.0,0.46621836567692837,0.6812617186506589,1.441860465116279,8.55813953488372,5.534883720930233,19372.46511627907,0.20653377630121816,0.9995584268749763,0.14418604651162792,0.9997143728082913,0.7934662236987818,0.0004415731250237112,0.8558139534883721,0.00028562719170865063,0.10204446716074624,0.999273105877047,0.24338235294117644,0.21993524514338575,0.27244582043343646,0.1722026281823108,0.20609220317619445,0.14390041931991926,569.4486807642953,0.7938305716968455,0.6783869706320593,
Bookset,160,1.0,9.0,6.0,19372.0,7.0,19388.0,0.17886710350027143,0.7380294719428845,1.0,9.0,6.0,19372.0,0.14285714285714285,0.9995356276765905,0.1,0.9996903705232738,0.8571428571428571,0.0004643723234095248,0.9,0.0003096294767261843,0.06642857142857142,0.9992263255622035,0.18099547511312217,0.1636661211129296,0.2024291497975708,0.11914356069189547,0.14239277053373334,0.09969037052327384,345.5399376417233,0.8575477173683718,0.7403318858560795,
Bottle,239,3.433333333333333,6.566666666666666,3.566666666666667,19374.433333333334,6.966666666666667,19388.0,0.715194946274776,0.7605744262420285,3.433333333333333,6.566666666666666,3.566666666666667,19374.433333333334,0.4857142857142857,0.999661180903537,0.3433333333333334,0.9998159424777239,0.5142857142857143,0.00033881909646311204,0.6566666666666666,0.00018405752227612068,0.289002109002109,0.9994773399353553,0.46405228758169936,0.42075831969448985,0.5173992673992673,0.4080515046725919,0.48537546661782266,0.3431492758110572,2150.4979213907786,0.5144980898909327,0.7657173724876211,
BuildingNonResidential,330,0.7380952380952381,9.261904761904763,6.119047619047619,19371.880952380954,6.857142857142857,19388.0,0.2374407872714309,0.564087891355899,0.7380952380952381,9.261904761904763,6.119047619047619,19371.880952380954,0.10657596371882086,0.9995221178725202,0.07380952380952381,0.9996842270812752,0.8934240362811792,0.0004778821274797388,0.9261904761904761,0.00031577291872471975,0.0487953514739229,0.9992066766875928,0.17436974789915966,0.15726179463459758,0.1957098628925254,0.08828686983102887,0.10609808159134113,0.07349375089079911,253.0497876399237,0.8938568507793475,0.5578490052046444,
Bus,156,0.75,9.25,6.05,19371.95,6.8,19388.0,0.1423886819380395,0.6798017064994994,0.75,9.25,6.05,19371.95,0.11428571428571428,0.9995227329709637,0.075,0.9996877902776344,0.8857142857142858,0.0004772670290363438,0.925,0.0003122097223655692,0.051389652014652024,0.9992108520734476,0.20098039215686272,0.1788467468393463,0.22961816305469554,0.09212938229902642,0.11380844725667794,0.07468779027763445,277.51891534391535,0.8861443441632144,0.6724499912933699,
Car,702,4.033707865168539,5.966292134831461,3.359550561797753,19374.6404494382,6.887640449438202,19388.0,2.3907463646667537,0.7603179976614045,4.033707865168539,5.966292134831461,3.359550561797753,19374.6404494382,0.5133761369716425,0.9996921584807453,0.40337078651685393,0.9998266306862525,0.4866238630283574,0.00030784151925460746,0.5966292134831461,0.0001733693137474328,0.36440025330474773,0.9995189889263137,0.49964901530787753,0.4672838515609759,0.5392577912171734,0.45347475456958625,0.513068295452388,0.40319741720310653,3676.882869679037,0.48683391772319834,0.7539203342271935,
Cellphone,159,1.45,8.55,5.5,19372.5,6.95,19388.0,0.25483620903417,0.6931903269339602,1.45,8.55,5.5,19372.5,0.20714285714285713,0.9995588476238136,0.145,0.9997161729796676,0.7928571428571429,0.00044115237618640114,0.8550000000000001,0.00028382702033233565,0.09868818681318682,0.9992753249432639,0.21323529411764705,0.19281914893617022,0.2384868421052631,0.17295404069878934,0.20670170476667077,0.14471617297966768,526.2754535147392,0.7932155356348382,0.6827583692481825,
Chess,335,3.7857142857142856,6.214285714285714,3.238095238095238,19374.761904761905,6.976190476190476,19388.0,1.441706235366584,0.8268981500332532,3.7857142857142856,6.214285714285714,3.238095238095238,19374.761904761905,0.5340136054421768,0.9996793623474441,0.37857142857142856,0.9998328983776398,0.4659863945578231,0.0003206376525557942,0.6214285714285714,0.00016710162236016298,0.3243218091432377,0.9995124622987218,0.5027380321497968,0.4562008817327966,0.5600149021201652,0.4493045449698113,0.533692967789621,0.3784043269490684,2525.407758341432,0.46617355542968186,0.8135882846426843,
City,215,1.5555555555555556,8.444444444444445,5.407407407407407,19372.59259259259,6.962962962962963,19388.0,0.3569090956661209,0.7704490694951085,1.5555555555555556,8.444444444444445,5.407407407407407,19372.59259259259,0.2222222222222222,0.9995642936207906,0.15555555555555556,0.9997209512123332,0.7777777777777778,0.000435706379209445,0.8444444444444444,0.0002790487876668081,0.11307319223985891,0.9992855450870719,0.2352941176470588,0.21276595744680848,0.2631578947368421,0.18557546105661066,0.2217865158430128,0.1552765067678888,657.1830645838583,0.7781339341700838,0.7583756775501403,
ClassicPiano,157,0.75,9.25,6.1,19371.9,6.85,19388.0,0.12501051403202484,0.7098754951895868,0.75,9.25,6.1,19371.9,0.10714285714285714,0.9995227324385425,0.075,0.9996852100319951,0.8928571428571429,0.0004772675614574028,0.925,0.0003147899680049541,0.04946428571428572,0.9992082731586549,0.1764705882352941,0.1595744680851064,0.19736842105263153,0.08925454479006181,0.10666558958139974,0.07468521003199506,255.44685374149657,0.8932892894792503,0.6964665230072701,
Computer,264,3.272727272727273,6.7272727272727275,4.03030303030303,19373.969696969696,7.0,19388.0,0.7781139389820917,0.7755977130977131,3.272727272727273,6.7272727272727275,4.03030303030303,19373.969696969696,0.42424242424242425,0.9996528927693996,0.32727272727272727,0.9997920165636133,0.5757575757575758,0.0003471072306002561,0.6727272727272727,0.00020798343638678038,0.28093396502487417,0.9994451425749136,0.39173518869913554,0.3642187142530313,0.4250949955533996,0.3715782894914537,0.423895317011824,0.3270647438363405,2014.0936105625046,0.5760056179681871,0.7507801865756412,
ComputerKeyboard,157,3.45,6.55,3.5,19374.5,6.85,19388.0,0.7392081146634195,0.8439771886291411,3.45,6.55,3.5,19374.5,0.48452380952380947,0.9996620429375632,0.34500000000000003,0.9998193828052431,0.5154761904761905,0.0003379570624368734,0.655,0.00018061719475694085,0.2927335164835165,0.9994816381266762,0.4472131445170661,0.4064737725699798,0.49754697200517634,0.40832322550611166,0.4841858524613727,0.3448193828052431,2384.4933484504913,0.5156894854499,0.8538728723172696,
Cup,237,0.9333333333333333,9.066666666666666,5.966666666666667,19372.033333333333,6.9,19388.0,0.19350660572465908,0.6789022224768015,0.9333333333333333,9.066666666666666,5.966666666666667,19372.033333333333,0.1357142857142857,0.9995321902774971,0.09333333333333332,0.9996920906870334,0.8642857142857142,0.0004678097225029782,0.9066666666666666,0.0003079093129665944,0.06226190476190476,0.9992246062856751,0.17453560371517027,0.15714007497930765,0.19635000814730322,0.1121328238292563,0.13524647599178274,0.09302542402036676,326.3146069538926,0.864696596156128,0.6664278395132445,
DeskLamp,247,1.3225806451612903,8.67741935483871,5.645161290322581,19372.354838709678,6.967741935483871,19388.0,0.30506530248858194,0.7480940446993759,1.3225806451612903,8.67741935483871,5.645161290322581,19372.354838709678,0.19047619047619047,0.9995522725328833,0.132258064516129,0.9997086819439404,0.8095238095238095,0.0004477274671167776,0.8677419354838709,0.00029131805605958204,0.0934095474418055,0.9992612656981039,0.24191176470588233,0.2183163737280296,0.2712848297213622,0.15833516681957194,0.1900284630090737,0.13196674646006948,517.6289956842952,0.8098999865399824,0.734894236243838,
DeskPhone,160,1.05,8.95,5.95,19372.05,7.0,19388.0,0.16316210237774992,0.7527817683165731,1.05,8.95,5.95,19372.05,0.15,0.9995382075228317,0.10500000000000001,0.9996929507689132,0.85,0.00046179247716836075,0.8949999999999999,0.00030704923108679943,0.06997023809523809,0.9992314833917888,0.1900452488687783,0.1718494271685761,0.21255060728744934,0.1251223249394741,0.14953820752283165,0.1046929507689132,364.76712018140586,0.8503996973745924,0.724827391058291,
Door,336,2.3333333333333335,7.666666666666667,4.666666666666667,19373.333333333332,7.0,19388.0,0.5131992263743163,0.5880515629029412,2.3333333333333335,7.666666666666667,4.666666666666667,19373.333333333332,0.3333333333333333,0.9996044235763548,0.23333333333333334,0.9997591770736575,0.6666666666666666,0.0003955764236451508,0.7666666666666667,0.00024082292634258783,0.17239774114774115,0.9993638676844784,0.30340557275541796,0.2743561030235162,0.3393351800554016,0.27857727396065823,0.33293775690968824,0.23309251040699078,1007.1381330309903,0.666947939321657,0.5867832718819846,
Drum,159,1.4,8.6,5.55,19372.45,6.95,19388.0,0.182325938112315,0.737040181097906,1.4,8.6,5.55,19372.45,0.2011904761904762,0.9995562676444673,0.13999999999999999,0.9997135927340283,0.7988095238095239,0.0004437323555328299,0.86,0.0002864072659717205,0.09761675824175824,0.9992701671136786,0.25395927601809953,0.2293104675158329,0.2845915694212907,0.16745414907292377,0.20074674383494337,0.13971359273402828,532.1360922146636,0.7991762165242251,0.7473588437595229,
Fish,160,5.35,4.65,1.75,19376.25,7.0,19388.0,1.1311431213188088,0.9712354708110226,5.35,4.65,1.75,19376.25,0.75,0.9997600737670957,0.5349999999999999,0.9999096914026214,0.25,0.00023992623290425885,0.465,9.030859737847044e-05,0.4821162171162171,0.99966989890654,0.6241830065359476,0.5673758865248226,0.693922305764411,0.6331170984694742,0.7497600737670957,0.5349096914026215,4017.8818027210887,0.25008037109965553,0.9686381742196682,
FloorLamp,199,0.68,9.32,6.28,19371.72,6.96,19388.0,0.11586153273801525,0.6414504765851637,0.68,9.32,6.28,19371.72,0.09714285714285714,0.9995191177254891,0.068,0.9996759211476933,0.9028571428571428,0.00048088227451085667,0.932,0.00032407885230673956,0.0435,0.9991953785846915,0.14285714285714285,0.12917933130699089,0.15977443609022554,0.08088075093034157,0.09666197486834628,0.0676759211476933,218.42079365079363,0.9032948968886774,0.6350340654786573,
Glasses,152,3.4210526315789473,6.578947368421052,3.6315789473684212,19374.36842105263,7.0,19388.0,0.6797725902512223,0.9231788303610065,3.4210526315789473,6.578947368421052,3.6315789473684212,19374.36842105263,0.48120300751879697,0.9996605462669647,0.34210526315789475,0.9998125926851394,0.518796992481203,0.00033945373303526896,0.6578947368421053,0.00018740731486058525,0.29100154231733183,0.9994733584528683,0.47467320261437906,0.431072695035461,0.5282738095238095,0.4053895391210911,0.4808635537857618,0.34191785584303414,2268.49209332856,0.5190143378542472,0.9083426439222371,
Guitar,159,0.95,9.05,6.0,19372.0,6.95,19388.0,0.20429486570486405,0.8363806538679205,0.95,9.05,6.0,19372.0,0.1357142857142857,0.999533049161402,0.095,0.9996903705232738,0.8642857142857142,0.0004669508385980414,0.905,0.0003096294767261843,0.06505952380952382,0.9992237466474109,0.24836601307189543,0.2245862884160756,0.27777777777777773,0.11316639822300331,0.13524733487568769,0.09469037052327381,347.1879818594104,0.8646994259779064,0.8387483675068564,
Gun,463,1.5689655172413792,8.431034482758621,5.413793103448276,19372.58620689655,6.982758620689655,19388.0,0.6458897945844607,0.7175858002002979,1.5689655172413792,8.431034482758621,5.413793103448276,19372.58620689655,0.22454844006568145,0.9995649849606959,0.1568965517241379,0.999720621679046,0.7754515599343186,0.0004350150393040781,0.843103448275862,0.00027937832095408584,0.11063849943160288,0.9992859073867234,0.24914500683994528,0.2251898543553557,0.27881776945784426,0.18734345537137595,0.22411342502637738,0.15661717340318385,613.3127133995359,0.7758022879121095,0.71484943123003,
Hand,292,4.054054054054054,5.945945945945946,2.918918918918919,19375.08108108108,6.891891891891892,19388.0,1.2043409443705966,0.8910401446844597,4.054054054054054,5.945945945945946,2.918918918918919,19375.08108108108,0.5791505791505791,0.9996932087690649,0.40540540540540543,0.9998493694437548,0.42084942084942084,0.0003067912309351375,0.5945945945945946,0.00015063055624517076,0.35101250101250103,0.9995427653773021,0.47609916417965953,0.4308720262863252,0.532683232239027,0.48389093767447994,0.578843787919644,0.4052547748491602,2990.184991113563,0.42101224516830643,0.8760303438618781,
Hat,120,0.9333333333333333,9.066666666666666,6.066666666666666,19371.933333333334,7.0,19388.0,0.14372291548755214,0.7889786372658846,0.9333333333333333,9.066666666666666,6.066666666666666,19371.933333333334,0.13333333333333333,0.9995321878816023,0.09333333333333332,0.9996869301957546,0.8666666666666667,0.0004678121183977435,0.9066666666666666,0.0003130698042453641,0.06246031746031746,0.9992194484560898,0.1830065359477124,0.16548463356973994,0.20467836257309935,0.11117187502845734,0.13286552121493558,0.093020263529088,327.4114512471655,0.8670796406380455,0.7798793310142876,
Helicopter,405,4.215686274509804,5.784313725490196,2.8823529411764706,19375.117647058825,6.9411764705882355,19388.0,1.813170610905869,0.9073765576611876,4.215686274509804,5.784313725490196,2.8823529411764706,19375.117647058825,0.5840336134453782,0.9997015475648577,0.4215686274509804,0.9998512564278472,0.4159663865546218,0.00029845243514218904,0.5784313725490197,0.00014874357215277482,0.37691891441891445,0.9995529881026064,0.5420676851976488,0.4945150444845919,0.6004638946415298,0.4955909290314197,0.583735161010236,0.4214198838788276,3461.6628429149437,0.41613736536651735,0.9045539862773929,
House,367,0.782608695652174,9.217391304347826,6.195652173913044,19371.804347826088,6.978260869565218,19388.0,0.24699021288808926,0.5367111385778682,0.782608695652174,9.217391304347826,6.195652173913044,19371.804347826088,0.11180124223602483,0.9995244115325213,0.0782608695652174,0.9996802739099023,0.888198757763975,0.0004755884674786521,0.9217391304347826,0.0003197260900976903,0.05285873546743112,0.9992050214834814,0.18414322250639387,0.16651248843663274,0.20594965675057203,0.09314962995402609,0.1113256537685462,0.07794114347511974,280.4063639948733,0.8886290485566416,0.5386324680953596,
HumanHead,406,7.607843137254902,2.392156862745098,0.6862745098039216,19377.313725490196,6.96078431372549,19388.0,4.0308473881616065,0.9606520614110746,7.607843137254902,2.392156862745098,0.6862745098039216,19377.313725490196,0.9014939309056956,0.9998765703393956,0.7607843137254902,0.9999645848637732,0.09850606909430439,0.00012342966060446093,0.23921568627450981,3.541513622685115e-05,0.7450506193153251,0.9998412197559032,0.8372746818025456,0.7985870351841013,0.8833742925087655,0.825887430200249,0.9013705012450911,0.7607488985892634,9024.031432748538,0.09854248098235152,0.9561609171297752,
Humanoid,1131,5.901408450704225,4.098591549295775,1.7816901408450705,19376.218309859156,6.964788732394366,19388.0,6.334063256968656,0.8441166154512266,5.901408450704225,4.098591549295775,1.7816901408450705,19376.218309859156,0.7429577464788732,0.9997885244361487,0.5901408450704225,0.999908056035667,0.25704225352112675,0.0002114755638513275,0.4098591549295775,9.194396433301014e-05,0.5603823113506212,0.9996967050912863,0.6937067115403376,0.650406710242328,0.7459362036422889,0.6603994391307956,0.742746270915022,0.5900489011060895,6284.262882318281,0.25714603607624886,0.8327361961027245,
Insect,519,2.4,7.6,4.584615384615384,19373.415384615386,6.984615384615385,19388.0,1.1755970910210252,0.8009793672404292,2.4,7.6,4.584615384615384,19373.415384615386,0.3435897435897436,0.9996078636989869,0.24,0.9997634113229118,0.6564102564102564,0.00039213630101320347,0.76,0.00023658867708821262,0.18065633084863855,0.9993715383028359,0.33395721925133687,0.3018249095954924,0.3737686462144666,0.2868441433232079,0.34319760728873044,0.2397634113229118,1097.936150357579,0.6566879043403113,0.7861542420026081,
Jet,1103,5.391304347826087,4.608695652173913,2.152173913043478,19375.847826086956,6.992753623188406,19388.0,6.4961368144807885,0.875704147291635,5.391304347826087,4.608695652173913,2.152173913043478,19375.847826086956,0.6915113871635611,0.9997622048980812,0.5391304347826087,0.9998889372529134,0.3084886128364389,0.0002377951019186725,0.4608695652173913,0.00011106274708656611,0.4946471402993142,0.999651285869341,0.6254568309318187,0.5834739911001994,0.6766179915299855,0.6088448285361061,0.6912735920616424,0.5390193720355221,4598.676506646019,0.308604885421292,0.8599669117154474,
Knife,192,1.0416666666666667,8.958333333333334,5.958333333333333,19372.041666666668,7.0,19388.0,0.25125272165739865,0.8190904806503129,1.0416666666666667,8.958333333333334,5.958333333333333,19372.041666666668,0.1488095238095238,0.9995377775484581,0.10416666666666667,0.9996925207279733,0.8511904761904762,0.0004622224515418881,0.8958333333333334,0.00030747927202669695,0.07018849206349206,0.9992306237535246,0.21008403361344535,0.18996960486322187,0.23496240601503754,0.12412586423154431,0.14834730135798194,0.10385918739463999,369.43657879818596,0.8515923870059853,0.806344688441819,
MilitaryVehicle,158,2.9,7.1,4.0,19374.0,6.9,19388.0,0.5910383674173267,0.9207544294980629,2.9,7.1,4.0,19374.0,0.4226190476190476,0.9996336635641232,0.29,0.9997935803488491,0.5773809523809523,0.00036633643587685017,0.71,0.00020641965115078954,0.23450258075258076,0.9994274809160306,0.4044117647058823,0.36390596941829456,0.4552904753232562,0.3496919140092465,0.42225271118317076,0.2897935803488492,1540.2023053665912,0.5776237475602369,0.9175977863392973,
Monitor,160,0.9,9.1,6.1,19371.9,7.0,19388.0,0.1000744313699129,0.523144399460189,0.9,9.1,6.1,19371.9,0.12857142857142856,0.9995304679841082,0.09,0.9996852100319951,0.8714285714285713,0.0004695320158918529,0.9099999999999999,0.0003147899680049541,0.06089056776556776,0.9992160099030329,0.17647058823529413,0.15957446808510636,0.19736842105263153,0.10718603219673825,0.12810189655553672,0.08968521003199509,324.6647108843537,0.8718459710505945,0.5354446367158591,
Monoplane,159,2.1,7.9,4.85,19373.15,6.95,19388.0,0.35877185517706733,0.9197324887902137,2.1,7.9,4.85,19373.15,0.30357142857142855,0.9995923852256329,0.21000000000000002,0.9997497161729797,0.6964285714285714,0.000407614774367063,0.79,0.00025028382702033233,0.15358287545787547,0.999342376727873,0.29195501730103807,0.2632366545137944,0.32780914223274443,0.2521145937824503,0.30316381379706153,0.2097497161729797,886.1020124716554,0.6967288872822648,0.9117817030168472,
Motorcycle,207,2.8846153846153846,7.115384615384615,4.076923076923077,19373.923076923078,6.961538461538462,19388.0,0.5931179487151385,0.8793832121444061,2.8846153846153846,7.115384615384615,4.076923076923077,19373.923076923078,0.41666666666666663,0.9996328685468546,0.28846153846153844,0.9997896107401731,0.5833333333333333,0.0003671314531454009,0.7115384615384616,0.00021038925982676626,0.2212723174261636,0.9994227198425671,0.3544117647058823,0.31961147086031455,0.39783281733746123,0.34634003224466714,0.4162995352135213,0.2882511492017117,1386.0538548752836,0.5835652832995146,0.8712344834015328,
Mug,207,2.8461538461538463,7.153846153846154,4.153846153846154,19373.846153846152,6.961538461538462,19388.0,0.6365964822793428,0.8656257175660161,2.8461538461538463,7.153846153846154,4.153846153846154,19373.846153846152,0.4065934065934066,0.9996308835378027,0.2846153846153846,0.9997856411314973,0.5934065934065934,0.0003691164621973146,0.7153846153846154,0.00021435886850274297,0.2321167614436845,0.999416768500738,0.4352941176470588,0.3936170212765957,0.48684210526315785,0.33989793291018233,0.4062242901312093,0.28440102574688186,1577.0515436944008,0.5936612901846282,0.85687043088306,
MultiSeat,358,2.3555555555555556,7.644444444444445,4.622222222222222,19373.37777777778,6.955555555555556,19388.0,0.694486484052349,0.69454490580692,2.3555555555555556,7.644444444444445,4.622222222222222,19373.37777777778,0.335978835978836,0.9996055709437246,0.23555555555555555,0.9997614706253368,0.664021164021164,0.0003944290562753139,0.7644444444444444,0.0002385293746631346,0.18635938135938138,0.9993673062375352,0.3277648778809769,0.29659022672314456,0.3664346625076623,0.2809269873084968,0.3355844069225607,0.23531702618089245,1288.8852481733434,0.664312831079339,0.6963981506104364,
Musical_Instrument,166,1.4285714285714286,8.571428571428571,5.476190476190476,19372.52380952381,6.904761904761905,19388.0,0.19490850933035586,0.5946854621037492,1.4285714285714286,8.571428571428571,5.476190476190476,19372.52380952381,0.2074829931972789,0.9995577427994095,0.14285714285714285,0.9997174016680674,0.7925170068027211,0.0004422572005904993,0.8571428571428571,0.0002825983319326286,0.1013234781091924,0.9992754477487302,0.23676470588235293,0.21322849213691025,0.2662538699690402,0.17176136988305682,0.20704073599668843,0.14257454452521023,568.7094536227189,0.792880985862436,0.598942252393993,
NonWheelChair,479,3.8666666666666667,6.133333333333334,3.25,19374.75,6.983333333333333,19388.0,2.058558438952042,0.88212843247661,3.8666666666666667,6.133333333333334,3.25,19374.75,0.5337301587301587,0.9996835387279145,0.38666666666666666,0.9998322840334399,0.4662698412698412,0.00031646127208548975,0.6133333333333333,0.00016771596656001652,0.34351634476634474,0.999516023657245,0.5167194239369162,0.4718092851600186,0.5717094970359204,0.45373066718982785,0.5334136974580732,0.38649895070010665,3208.215129755606,0.46646851630570985,0.8679941028004671,
PianoBoard,159,1.75,8.25,5.2,19372.8,6.95,19388.0,0.24114021311247474,0.6476002350790127,1.75,8.25,5.2,19372.8,0.2523809523809524,0.99957432643505,0.175,0.9997316544535039,0.7476190476190476,0.00042567356494994647,0.825,0.0002683455464960264,0.12559065934065933,0.9993062719207758,0.2582720588235294,0.2330018501387604,0.2897639318885448,0.20978437142768702,0.25195527881600244,0.17473165445350397,712.7812074829932,0.7479521212214134,0.6500608919942537,
PlantIndoors,504,2.8125,7.1875,4.078125,19373.921875,6.875,19388.0,1.202696950337701,0.7739591273184365,2.8125,7.1875,4.078125,19373.921875,0.40476190476190477,0.9996291497649293,0.28125,0.9997895487150377,0.5952380952380952,0.00037085023507061926,0.71875,0.0002104512849623284,0.227637141504329,0.9994189382607799,0.3859477124183006,0.34842878367392704,0.43273960301824077,0.3370073756205555,0.40439105452683416,0.28103954871503767,1586.382570389267,0.5954904298588501,0.7584612008470984,
PlantWildNonTree,207,0.7692307692307693,9.23076923076923,6.1923076923076925,19371.80769230769,6.961538461538462,19388.0,0.20372383971505512,0.7711889271590764,0.7692307692307693,9.23076923076923,6.1923076923076925,19371.80769230769,0.10989010989010987,0.9995237217178256,0.07692307692307693,0.9996804465015838,0.8901098901098901,0.0004762782821743992,0.9230769230769231,0.00031955349841612617,0.0510989010989011,0.9992045039754964,0.18099547511312217,0.1636661211129296,0.2024291497975708,0.09155049630206072,0.10941383160793548,0.07660352342466083,265.7999520320949,0.8905404513222493,0.7554664301765335,
Quadruped,452,4.859649122807017,5.140350877192983,2.6666666666666665,19375.333333333332,6.9298245614035086,19388.0,2.267123525521775,0.8599250383413385,4.859649122807017,5.140350877192983,2.6666666666666665,19375.333333333332,0.6157059314954052,0.9997347729547641,0.48596491228070177,0.9998623868992328,0.3842940685045948,0.000265227045235875,0.5140350877192983,0.000137613100767193,0.4510191562823142,0.9995973273393924,0.5930082559339526,0.5548557429091325,0.63878285868123,0.5456819294173765,0.6154407044501693,0.48582729917993456,5896.718484161342,0.3844561707824004,0.8470534652095508,
RectangleTable,471,3.0338983050847457,6.966101694915254,4.016949152542373,19373.98305084746,6.983050847457627,19388.0,1.460103818746375,0.7751198940466073,3.0338983050847457,6.966101694915254,4.016949152542373,19373.98305084746,0.423728813559322,0.9996405708452308,0.30338983050847457,0.9997927056893104,0.576271186440678,0.0003594291547692369,0.6966101694915254,0.0002072943106895641,0.2595685388058269,0.9994335129540202,0.45295463723246737,0.41226944061620946,0.5030593970749179,0.3580400384957993,0.4233693844045528,0.303182536197785,2318.553508974211,0.5765246635418152,0.7689537304015577,
Rocket,151,1.4210526315789473,8.578947368421053,5.526315789473684,19372.473684210527,6.947368421052632,19388.0,0.20095804170163212,0.7512673788646896,1.4210526315789473,8.578947368421053,5.526315789473684,19372.473684210527,0.20802005012531327,0.9995573535382335,0.14210526315789473,0.9997148149556468,0.7919799498746867,0.0004426464617664715,0.8578947368421053,0.0002851850443530645,0.10231588586851745,0.9992724745637563,0.26715686274509803,0.24013259327782918,0.30121259029927755,0.17150904095101902,0.20757740366354682,0.1418200781135417,577.688715837212,0.7923463441246849,0.7434788660765146,
RoundTable,288,2.111111111111111,7.888888888888889,4.888888888888889,19373.11111111111,7.0,19388.0,0.63102618199401,0.8325545511015952,2.111111111111111,7.888888888888889,4.888888888888889,19373.11111111111,0.3015873015873016,0.9995929575930609,0.2111111111111111,0.9997477093152602,0.6984126984126984,0.0004070424069392131,0.7888888888888889,0.0002522906847398539,0.16577727827727828,0.9993409439974327,0.3438914027149321,0.3109656301145663,0.38461538461538464,0.25200498841586444,0.3011802591803624,0.21085882042637127,1078.248189090451,0.6987269298272434,0.8229526540933702,
Shelf,344,1.3488372093023255,8.651162790697674,5.651162790697675,19372.3488372093,7.0,19388.0,0.36975308434350224,0.624264051399071,1.3488372093023255,8.651162790697674,5.651162790697675,19372.3488372093,0.1926910299003322,0.9995536266038545,0.13488372093023254,0.999708372237037,0.8073089700996678,0.00044637339614558976,0.8651162790697675,0.00029162776296303404,0.09676263658821797,0.9992623104197753,0.25272331154684097,0.2285263987391647,0.28265107212475626,0.16085586939593224,0.19224465650418665,0.13459209316726953,554.7137979222697,0.8076848970496656,0.6134787877536596,
Ship,491,1.6935483870967742,8.306451612903226,5.225806451612903,19372.774193548386,6.919354838709677,19388.0,0.6478065091996974,0.6441244589380496,1.6935483870967742,8.306451612903226,5.225806451612903,19372.774193548386,0.24423963133640553,0.9995714145298169,0.1693548387096774,0.9997303227138191,0.7557603686635944,0.0004285854701831694,0.8306451612903226,0.0002696772861808702,0.12741008991008992,0.9993020291899878,0.3099264705882353,0.2796022201665125,0.34771671826625383,0.2030042404562795,0.2438110458662224,0.16908516142349655,770.7138407334261,0.7561067679308923,0.6456990173480424,
Sign,72,0.6666666666666666,9.333333333333334,6.333333333333333,19371.666666666668,7.0,19388.0,0.05506610055022978,0.49652348931887835,0.6666666666666666,9.333333333333334,6.333333333333333,19371.666666666668,0.09523809523809523,0.9995184287016493,0.06666666666666668,0.9996731688856779,0.9047619047619047,0.00048157129835061833,0.9333333333333333,0.0003268311143220834,0.041666666666666664,0.9991919400316347,0.1176470588235294,0.10638297872340426,0.13157894736842102,0.07928513237470478,0.09475652393974461,0.06633983555234464,205.08994708994706,0.9051994621929769,0.5032770179263935,
Skyscraper,159,0.8,9.2,6.15,19371.85,6.95,19388.0,0.10862766458028306,0.5254298898611293,0.8,9.2,6.15,19371.85,0.11428571428571428,0.9995253096226785,0.08,0.9996826297863557,0.8857142857142858,0.0004746903773215335,0.9200000000000002,0.0003173702136443389,0.05217261904761905,0.9992082731586549,0.1568627450980392,0.14184397163120568,0.17543859649122803,0.09523010548026752,0.11381102390839275,0.0796826297863557,266.98316326530613,0.886139796125341,0.5155219080579861,
Spoon,152,0.8947368421052632,9.105263157894736,6.105263157894737,19371.894736842107,7.0,19388.0,0.15573857667863597,0.8007453178902886,0.8947368421052632,9.105263157894736,6.105263157894737,19371.894736842107,0.12781954887218044,0.9995301964213459,0.08947368421052632,0.999684938427191,0.8721804511278194,0.0004698035786540806,0.9105263157894737,0.00031506157280909985,0.05917919799498747,0.9992154669736028,0.16666666666666666,0.15070921985815602,0.1864035087719298,0.10655668859173,0.12734974529352638,0.08915862263771726,307.0566595059076,0.8725965300860059,0.7951505032680263,
Starship,245,0.7096774193548387,9.290322580645162,6.193548387096774,19371.8064516129,6.903225806451613,19388.0,0.1426306950957004,0.6261973366212347,0.7096774193548387,9.290322580645162,6.193548387096774,19371.8064516129,0.1021505376344086,0.9995206504145789,0.07096774193548387,0.9996803824756375,0.8978494623655914,0.00047934958542100785,0.9290322580645162,0.00031961752436251284,0.04696620583717358,0.9992013683222746,0.18539915966386555,0.16733844324038588,0.2078726227333038,0.08474020567871157,0.10167118804898759,0.07064812441112137,243.367700485212,0.8982858697548336,0.6070825769618357,
SubmachineGun,160,1.25,8.75,5.75,19372.25,7.0,19388.0,0.2423093562208706,0.8752165774237082,1.25,8.75,5.75,19372.25,0.17857142857142855,0.9995485269077962,0.125,0.9997032717514708,0.8214285714285714,0.0004514730922037046,0.875,0.00029672824852926,0.08639423076923078,0.99925211471013,0.22624434389140274,0.20458265139116202,0.2530364372469635,0.1490373819297885,0.17811995547922488,0.12470327175147075,469.143253968254,0.8218105687638181,0.8777194070784903,
Sword,383,4.0,6.0,3.1875,19374.8125,6.979166666666667,19388.0,1.621114245649368,0.9022233597436126,4.0,6.0,3.1875,19374.8125,0.5416666666666666,0.9996904183400477,0.39999999999999997,0.9998355093404893,0.4583333333333333,0.00030958165995231634,0.6,0.0001644906595107854,0.3436077811077811,0.9995261244068496,0.5247104689829148,0.4817560256118658,0.5771156670143267,0.46470493474816227,0.5413570850067144,0.3998355093404892,3567.370441232048,0.4585155342903053,0.8948110980357974,
Tool,344,4.0,6.0,3.6744186046511627,19374.325581395347,7.0,19388.0,1.0696597281380718,0.7761636576755284,4.0,6.0,3.6744186046511627,19374.325581395347,0.47508305647840526,0.9996904175842133,0.39999999999999997,0.9998103819483615,0.5249169435215947,0.0003095824157866456,0.6,0.00018961805163851599,0.37563967040711227,0.9995010099750025,0.599154432570991,0.5711414284313588,0.6326545676955362,0.43448236012677066,0.4747734740626187,0.3998103819483615,3635.239703989704,0.5251628751159448,0.7555394992153112,
Train,237,0.8333333333333334,9.166666666666666,6.066666666666666,19371.933333333334,6.9,19388.0,0.15695448074478968,0.6031241646618551,0.8333333333333334,9.166666666666666,6.066666666666666,19371.933333333334,0.12063492063492062,0.9995270306737516,0.08333333333333333,0.9996869301957546,0.8793650793650793,0.0004729693262484631,0.9166666666666666,0.0003130698042453641,0.055853174603174606,0.9992142906265044,0.19705882352941176,0.17761332099907493,0.22136222910216713,0.09985604691962374,0.12016195130867217,0.08302026352908799,293.17014361300073,0.8797882134791718,0.5953855443540689,
Tree,368,3.5217391304347827,6.478260869565218,3.652173913043478,19374.347826086956,7.0,19388.0,1.2125663832380285,0.8149394923497004,3.5217391304347827,6.478260869565218,3.652173913043478,19374.347826086956,0.4782608695652174,0.9996657410821312,0.3521739130434782,0.9998115298837319,0.5217391304347826,0.0003342589178687419,0.6478260869565218,0.0001884701162681122,0.30651640026640026,0.9994774894376621,0.5476436188510492,0.5023924463402382,0.6028658603029312,0.4097064511299191,0.4779266106473487,0.3519854429272101,3111.0686926944686,0.5219654914355751,0.8099094887811292,
Truck,214,1.2962962962962963,8.703703703703704,5.62962962962963,19372.37037037037,6.925925925925926,19388.0,0.2058819425422369,0.6376679298703356,1.2962962962962963,8.703703703703704,5.62962962962963,19372.37037037037,0.18518518518518517,0.9995509176262457,0.12962962962962962,0.999709483453936,0.8148148148148148,0.00044908237375426035,0.8703703703703703,0.00029051654606407416,0.08912800162800164,0.9992607110927721,0.21671826625386995,0.1959686450167973,0.24238227146814398,0.15457564775708194,0.1847361028114309,0.12933911308356555,480.98475686570924,0.8151911824786069,0.6268212192832375,
TruckNonContainer,155,1.05,8.95,5.7,19372.3,6.75,19388.0,0.1758863192008933,0.8364546602237605,1.05,8.95,5.7,19372.3,0.15714285714285714,0.9995382133794634,0.10500000000000001,0.9997058519971102,0.8428571428571429,0.00046178662053671224,0.8950000000000001,0.00029414800288987507,0.06901785714285714,0.999244377965752,0.15716911764705882,0.14049491211840887,0.17850232198142413,0.1280035695631845,0.15668107052232044,0.10470585199711016,358.2722883597884,0.8432499501619504,0.8298776174306733,
Vase,152,0.6842105263157895,9.31578947368421,6.315789473684211,19371.684210526317,7.0,19388.0,0.11263592787671789,0.7013422007547462,0.6842105263157895,9.31578947368421,6.315789473684211,19371.684210526317,0.09774436090225563,0.9995193339108567,0.06842105263157895,0.999674074235025,0.9022556390977443,0.0004806660891431923,0.9315789473684211,0.0003259257649749308,0.04320175438596491,0.9991937497964015,0.12745098039215685,0.11524822695035462,0.14254385964912278,0.08138294439139902,0.09726369481311244,0.06809512686660407,214.5348788638262,0.9026919029056802,0.6854482270819233,
Violin,156,1.5,8.5,5.3,19372.7,6.8,19388.0,0.2504463051953153,0.7980518915153889,1.5,8.5,5.3,19372.7,0.21785714285714283,0.9995614310638968,0.15,0.9997264939622251,0.7821428571428571,0.00043856893610308916,0.85,0.00027350603777479617,0.11166437728937728,0.9992882195172271,0.2959558823529412,0.26653561517113783,0.33281733746130027,0.1803742281475664,0.21741857392103978,0.14972649396222523,661.5096466364323,0.7825063536565999,0.7889836641852771,
Wheel,136,0.9411764705882353,9.058823529411764,6.0588235294117645,19371.941176470587,7.0,19388.0,0.14408656787627097,0.7349661054012683,0.9411764705882353,9.058823529411764,6.0588235294117645,19371.941176470587,0.13445378151260504,0.9995325925633656,0.09411764705882353,0.9996873349401687,0.8655462184873949,0.00046740743663442364,0.9058823529411765,0.00031266505983134295,0.06235994397759104,0.9992202575273972,0.18823529411764706,0.1702127659574468,0.21052631578947362,0.11210972040062653,0.1339863740759706,0.0938049819989922,323.1459250366813,0.8659574566367798,0.7285106421750857,
WheelChair,157,3.0,7.0,3.85,19374.15,6.85,19388.0,0.6047143588592041,0.9462115275782509,3.0,7.0,3.85,19374.15,0.43809523809523804,0.9996388244545529,0.3,0.9998013210857672,0.5619047619047619,0.0003611755454471395,0.7,0.00019867891423263495,0.26136946386946386,0.9994403754899939,0.4745098039215686,0.4267653407338884,0.5345717234262126,0.36212991690480323,0.43773406254979097,0.2998013210857674,1949.6474206349205,0.5621569655997674,0.9398624896608768,
__overall_by_shape__,19389,,,,,,,1.516762688489686,0.7755683897764559,2.8511074651353567,7.148892534864643,4.280557834290402,19373.71944216571,0.38385288487831554,0.9996311397505662,0.28511074651353563,0.9997791021862789,0.6161471151216844,0.0003688602494337204,0.7148892534864644,0.00022089781372125098,0.24431707545940526,0.9994104884274213,0.41946286962685825,0.38592860599019824,0.46065582509607933,0.32993940355072554,0.38348402462888187,0.28488984869981443,2114.5652836088857,0.6164230360263117,0.7932808186511315,0.7626647350481206
__weighted_by_class__,19389,,,,,,,1.5167626884896863,0.7755683897764563,2.8511074651353567,7.148892534864643,4.280557834290402,19373.71944216571,0.38385288487831565,0.9996311397505665,0.28511074651353585,0.9997791021862785,0.6161471151216844,0.00036886024943372063,0.7148892534864644,0.00022089781372125103,0.2443170754594052,0.9994104884274216,0.3909313301688973,0.3590666333913125,0.43012370800426364,0.32993940355072554,0.38348402462888204,0.28488984869981454,2206.0899738224043,0.6164230360263113,0.7932808186511315,0.7626647350481206
