approach,class,AP,ROC_AUC,ROC_AUC_micro,F1,MCC
matrix_minmax_optimized,AircraftBuoyant,0.11942529330732116,0.48321635012386455,0.4853312947288742,0.1283422459893048,0.08924973945400244
matrix_minmax_optimized,Apartment,0.17478118323151756,0.6404037676249397,0.6247877926845626,0.18181818181818182,0.08795140094686489
matrix_minmax_optimized,AquaticAnimal,0.30138133199795497,0.7801933083053415,0.7737228824217561,0.2867647058823529,0.1661195654942988
matrix_minmax_optimized,Bed,0.33730396949197405,0.7051636551843935,0.6944038410004584,0.2483288770053476,0.2057769208183625
matrix_minmax_optimized,Bicycle,1.9100565419306281,0.9375704809286899,0.9322304650318427,0.8380598555211559,0.8096745983861257
matrix_minmax_optimized,Biplane,0.8345182791151752,0.8157688460028619,0.7924181031187578,0.3384168482207698,0.27454694501467664
matrix_minmax_optimized,Bird,0.3541794452639068,0.6217308577069708,0.6049625973656454,0.21642156862745096,0.15318234702434608
matrix_minmax_optimized,Bookset,0.3303514748126729,0.7521048278263898,0.7319484349832397,0.2941176470588235,0.23871884564346754
matrix_minmax_optimized,Bottle,0.49911864431033093,0.7107820674380417,0.6813095238095238,0.3529411764705882,0.2506774419910824
matrix_minmax_optimized,BuildingNonResidential,0.23767200532873284,0.5457782424831163,0.5420401483068354,0.16946778711484592,0.08589590840048003
matrix_minmax_optimized,Bus,0.1440879724269033,0.7286785512167515,0.7191980105350224,0.2099673202614379,0.0957137834380399
matrix_minmax_optimized,Car,2.7101602005775587,0.8169806681042636,0.8124827665260707,0.5160017114924809,0.4746129641029197
matrix_minmax_optimized,Cellphone,0.206147888494607,0.646866701493187,0.6462730181533238,0.20392156862745098,0.15501774795605355
matrix_minmax_optimized,Chess,0.8660301320698333,0.7771779911932197,0.7635072012707794,0.451510333863275,0.4038473828521559
matrix_minmax_optimized,City,0.3406089236944698,0.7073633311708799,0.6754529412101958,0.25183823529411764,0.22756221213697037
matrix_minmax_optimized,ClassicPiano,0.13456013935390335,0.5826106830351312,0.575144312393888,0.1881127450980392,0.11460621964551532
matrix_minmax_optimized,Computer,0.3684717464731565,0.6133142758142758,0.5891629630265995,0.2689075630252101,0.2314718586767056
matrix_minmax_optimized,ComputerKeyboard,0.9811753943606794,0.8990542423055157,0.8750598580819293,0.6894269220846233,0.5567253130833099
matrix_minmax_optimized,Cup,0.21177537725480827,0.6148041012716233,0.6116547969094079,0.23875432525951557,0.13764412289194747
matrix_minmax_optimized,DeskLamp,0.2245909390019811,0.6511835998052277,0.6196043134106629,0.23699095022624433,0.10078510805056161
matrix_minmax_optimized,DeskPhone,0.14021002454789275,0.7059814548778894,0.6828164860040921,0.19909502262443438,0.13110108918705268
matrix_minmax_optimized,Door,0.5439289913318204,0.5284928520045993,0.497163097631794,0.3076923076923077,0.28996539633699847
matrix_minmax_optimized,Drum,0.22541484022750996,0.7437965260545906,0.7478272604588394,0.3057598039215686,0.18634818705908565
matrix_minmax_optimized,Fish,1.3645813879196846,0.9628531626833835,0.9631307953506595,0.7189026487788098,0.7253569303063514
matrix_minmax_optimized,FloorLamp,0.08909554200354751,0.6120044205000691,0.5886310263848599,0.15126050420168066,0.04261665974583851
matrix_minmax_optimized,Glasses,0.44033308399413995,0.8322212793938822,0.8227237152882352,0.38655462184873945,0.28906633404412946
matrix_minmax_optimized,Guitar,0.25442567595167953,0.862095685864786,0.8570351747855992,0.2549019607843137,0.15501774795605355
matrix_minmax_optimized,Gun,0.5898871833828901,0.6875130269893801,0.6682178228322433,0.23546122994652405,0.1811585268393981
matrix_minmax_optimized,Hand,0.9755759790281207,0.8128232355637603,0.7936910198355317,0.4894232467761879,0.4972885425307884
matrix_minmax_optimized,Hat,0.15789540590910142,0.7845724505237506,0.7686774233699533,0.2235294117647059,0.15103030334564804
matrix_minmax_optimized,Helicopter,1.260059424041396,0.8238872323122797,0.8089908315692443,0.4406539312902888,0.40292473548893176
matrix_minmax_optimized,House,0.37598025928937767,0.5560802514016124,0.563752758090927,0.25,0.1819477732849385
matrix_minmax_optimized,HumanHead,3.1338192342356934,0.9106258573810756,0.8952719064740495,0.7503345373237015,0.7420965573277521
matrix_minmax_optimized,Humanoid,5.387528625278225,0.7759542682491768,0.7558986042869162,0.68789035625215,0.6241034440929932
matrix_minmax_optimized,Insect,0.7542448179124165,0.6687038072546921,0.6400884612891079,0.2802139037433155,0.24055895826693371
matrix_minmax_optimized,Jet,4.259415288862527,0.7775396584475138,0.7452900013871565,0.5423024707405395,0.5205542150868562
matrix_minmax_optimized,Knife,0.2559288785444432,0.8156541551096863,0.7893869146964766,0.226890756302521,0.13409047131084198
matrix_minmax_optimized,MilitaryVehicle,0.6261529848254351,0.8924339384441252,0.8888247137695355,0.45424836601307184,0.4159371933543242
matrix_minmax_optimized,Monitor,0.090037661688076,0.4822254146532584,0.497756301423534,0.16176470588235295,0.06533468246368804
matrix_minmax_optimized,Monoplane,0.14527887251881727,0.7594662835749423,0.7354370728309607,0.1818627450980392,0.13851807307845682
matrix_minmax_optimized,Motorcycle,0.6515313320834142,0.8818178339073862,0.8755486865475385,0.35390025575447565,0.3180090086070535
matrix_minmax_optimized,Mug,0.6449873135298003,0.8762584513330782,0.8727389188181381,0.5053104575163399,0.35553813108709575
matrix_minmax_optimized,MultiSeat,0.7309699206908609,0.7240482552225135,0.7221773851248707,0.3615546218487395,0.285808645359746
matrix_minmax_optimized,Musical_Instrument,0.1573489524368946,0.5905500719112634,0.5777810613971143,0.21752450980392157,0.12620888037769604
matrix_minmax_optimized,NonWheelChair,1.8080567739724556,0.8235038227062574,0.801840165420941,0.5164720534087579,0.47067156326760046
matrix_minmax_optimized,PianoBoard,0.26311591239263904,0.6244786905228332,0.6037143572330329,0.24394463667820065,0.21074211667111306
matrix_minmax_optimized,PlantIndoors,0.983852889995652,0.6798915332771693,0.6544780485580395,0.3677783613445378,0.32721159695197655
matrix_minmax_optimized,PlantWildNonTree,0.11626072691335278,0.6628453884424034,0.6300695241740017,0.14460784313725492,0.050527415066295794
matrix_minmax_optimized,Quadruped,1.814619724575534,0.820553062622958,0.811739600849719,0.5829647648533097,0.5058393768636339
matrix_minmax_optimized,RectangleTable,1.3670245287932035,0.7190370446255702,0.706470633619694,0.4203802733214497,0.31762495832343013
matrix_minmax_optimized,Rocket,0.10088650647716571,0.7085282449613077,0.6986884761565584,0.21568627450980393,0.0687977583740614
matrix_minmax_optimized,RoundTable,0.4097089795272208,0.724149187846107,0.7047471463374877,0.25980392156862747,0.1756096674745823
matrix_minmax_optimized,Shelf,0.39159543347489656,0.6086922043663316,0.5914079134297477,0.25951557093425603,0.20812981926050728
matrix_minmax_optimized,Ship,0.637578341141606,0.6523758206069153,0.6386889298068739,0.29352146263910966,0.1777775282497521
matrix_minmax_optimized,Sign,0.053010923963633876,0.49125154384520386,0.4785145032503342,0.1568627450980392,0.05271284682991098
matrix_minmax_optimized,Skyscraper,0.15145154273692582,0.5674317617866005,0.521148186844282,0.16806722689075632,0.11914516247058193
matrix_minmax_optimized,Spoon,0.15683791712210904,0.7408309943937976,0.7236180789433605,0.23529411764705882,0.11285012464181272
matrix_minmax_optimized,Starship,0.16095637675777782,0.6732321946294634,0.648947362884384,0.15178571428571427,0.06931113665270228
matrix_minmax_optimized,SubmachineGun,0.21294252565191255,0.7941426146010186,0.7942092203212747,0.21176470588235294,0.16099491042494568
matrix_minmax_optimized,Sword,1.449845677709081,0.8288087183595954,0.8217686587510016,0.5352941176470588,0.4529585652561536
matrix_minmax_optimized,Tool,0.9467953963760293,0.6913022469754032,0.6532053743916839,0.6043064155486756,0.4519303004805207
matrix_minmax_optimized,Train,0.13721530539877966,0.618232806354298,0.5967874008732068,0.17352941176470588,0.08789851842446653
matrix_minmax_optimized,Tree,0.9081985162078409,0.7432506503158677,0.7229707616018948,0.5130718954248366,0.40768392220547156
matrix_minmax_optimized,Truck,0.24263274645732413,0.6758476403851766,0.6564015558285647,0.21787925696594426,0.15563980913866646
matrix_minmax_optimized,TruckNonContainer,0.21208095403246535,0.8592094379870272,0.8523715772060424,0.22254901960784312,0.16985491929623472
matrix_minmax_optimized,Vase,0.0944840756690664,0.6652886867851728,0.6600264068277567,0.14705882352941177,0.06250263624115081
matrix_minmax_optimized,Violin,0.16722354116049926,0.7988920813199252,0.7597072395629272,0.15049019607843137,0.11460782142420176
matrix_minmax_optimized,Wheel,0.12390960739850211,0.7116240858177223,0.6936081561424046,0.23529411764705882,0.06990667865301285
matrix_minmax_optimized,WheelChair,0.8022542143127976,0.8841985546994036,0.8413167689695703,0.5103878116343491,0.4923277965936973
matrix_minmax_optimized,__overall_by_shape__,1.2404647107957727,0.7301298475459727,0.7299180757699626,0.40648766404228853,0.3111283940061789
matrix_minmax_optimized,__weighted_by_class__,1.240464710795773,0.7301298475459728,0.7299180757699626,0.37780796809885686,0.31112839400617887
matrix_rank_based_optimized,AircraftBuoyant,0.19409656776342088,0.6880952380952381,0.6729980603151666,0.21719457013574658,0.17893120316768152
matrix_rank_based_optimized,Apartment,0.11394567987499096,0.5825129501878085,0.585032183782903,0.15294117647058822,0.0671556992161567
matrix_rank_based_optimized,AquaticAnimal,0.541183469271875,0.8667484467276998,0.8640403741026149,0.36363636363636365,0.2899653963369984
matrix_rank_based_optimized,Bed,0.4937257101991894,0.7789606279859287,0.7741044298258916,0.3558823529411764,0.2681336408834095
matrix_rank_based_optimized,Bicycle,1.6776236890286915,0.9583473657354253,0.9553034629613275,0.7235386732290757,0.7296945124794422
matrix_rank_based_optimized,Biplane,1.0240843127017,0.8905304613202648,0.8832988659872627,0.3529411764705882,0.3184357022778489
matrix_rank_based_optimized,Bird,0.46621836567692837,0.6812617186506589,0.6783869706320593,0.24338235294117644,0.1722026281823108
matrix_rank_based_optimized,Bookset,0.17886710350027143,0.7380294719428845,0.7403318858560795,0.18099547511312217,0.11914356069189547
matrix_rank_based_optimized,Bottle,0.715194946274776,0.7605744262420285,0.7657173724876211,0.46405228758169936,0.4080515046725919
matrix_rank_based_optimized,BuildingNonResidential,0.2374407872714309,0.564087891355899,0.5578490052046444,0.17436974789915966,0.08828686983102887
matrix_rank_based_optimized,Bus,0.1423886819380395,0.6798017064994994,0.6724499912933699,0.20098039215686272,0.09212938229902642
matrix_rank_based_optimized,Car,2.3907463646667537,0.7603179976614045,0.7539203342271935,0.49964901530787753,0.45347475456958625
matrix_rank_based_optimized,Cellphone,0.25483620903417,0.6931903269339602,0.6827583692481825,0.21323529411764705,0.17295404069878934
matrix_rank_based_optimized,Chess,1.441706235366584,0.8268981500332532,0.8135882846426843,0.5027380321497968,0.4493045449698113
matrix_rank_based_optimized,City,0.3569090956661209,0.7704490694951085,0.7583756775501403,0.2352941176470588,0.18557546105661066
matrix_rank_based_optimized,ClassicPiano,0.12501051403202484,0.7098754951895868,0.6964665230072701,0.1764705882352941,0.08925454479006181
matrix_rank_based_optimized,Computer,0.7781139389820917,0.7755977130977131,0.7507801865756412,0.39173518869913554,0.3715782894914537
matrix_rank_based_optimized,ComputerKeyboard,0.7392081146634195,0.8439771886291411,0.8538728723172696,0.4472131445170661,0.40832322550611166
matrix_rank_based_optimized,Cup,0.19350660572465908,0.6789022224768015,0.6664278395132445,0.17453560371517027,0.1121328238292563
matrix_rank_based_optimized,DeskLamp,0.30506530248858194,0.7480940446993759,0.734894236243838,0.24191176470588233,0.15833516681957194
matrix_rank_based_optimized,DeskPhone,0.16316210237774992,0.7527817683165731,0.724827391058291,0.1900452488687783,0.1251223249394741
matrix_rank_based_optimized,Door,0.5131992263743163,0.5880515629029412,0.5867832718819846,0.30340557275541796,0.27857727396065823
matrix_rank_based_optimized,Drum,0.182325938112315,0.737040181097906,0.7473588437595229,0.25395927601809953,0.16745414907292377
matrix_rank_based_optimized,Fish,1.1311431213188088,0.9712354708110226,0.9686381742196682,0.6241830065359476,0.6331170984694742
matrix_rank_based_optimized,FloorLamp,0.11586153273801525,0.6414504765851637,0.6350340654786573,0.14285714285714285,0.08088075093034157
matrix_rank_based_optimized,Glasses,0.6797725902512223,0.9231788303610065,0.9083426439222371,0.47467320261437906,0.4053895391210911
matrix_rank_based_optimized,Guitar,0.20429486570486405,0.8363806538679205,0.8387483675068564,0.24836601307189543,0.11316639822300331
matrix_rank_based_optimized,Gun,0.6458897945844607,0.7175858002002979,0.71484943123003,0.24914500683994528,0.18734345537137595
matrix_rank_based_optimized,Hand,1.2043409443705966,0.8910401446844597,0.8760303438618781,0.47609916417965953,0.48389093767447994
matrix_rank_based_optimized,Hat,0.14372291548755214,0.7889786372658846,0.7798793310142876,0.1830065359477124,0.11117187502845734
matrix_rank_based_optimized,Helicopter,1.813170610905869,0.9073765576611876,0.9045539862773929,0.5420676851976488,0.4955909290314197
matrix_rank_based_optimized,House,0.24699021288808926,0.5367111385778682,0.5386324680953596,0.18414322250639387,0.09314962995402609
matrix_rank_based_optimized,HumanHead,4.0308473881616065,0.9606520614110746,0.9561609171297752,0.8372746818025456,0.825887430200249
matrix_rank_based_optimized,Humanoid,6.334063256968656,0.8441166154512266,0.8327361961027245,0.6937067115403376,0.6603994391307956
matrix_rank_based_optimized,Insect,1.1755970910210252,0.8009793672404292,0.7861542420026081,0.33395721925133687,0.2868441433232079
matrix_rank_based_optimized,Jet,6.4961368144807885,0.875704147291635,0.8599669117154474,0.6254568309318187,0.6088448285361061
matrix_rank_based_optimized,Knife,0.25125272165739865,0.8190904806503129,0.806344688441819,0.21008403361344535,0.12412586423154431
matrix_rank_based_optimized,MilitaryVehicle,0.5910383674173267,0.9207544294980629,0.9175977863392973,0.4044117647058823,0.3496919140092465
matrix_rank_based_optimized,Monitor,0.1000744313699129,0.523144399460189,0.5354446367158591,0.17647058823529413,0.10718603219673825
matrix_rank_based_optimized,Monoplane,0.35877185517706733,0.9197324887902137,0.9117817030168472,0.29195501730103807,0.2521145937824503
matrix_rank_based_optimized,Motorcycle,0.5931179487151385,0.8793832121444061,0.8712344834015328,0.3544117647058823,0.34634003224466714
matrix_rank_based_optimized,Mug,0.6365964822793428,0.8656257175660161,0.85687043088306,0.4352941176470588,0.33989793291018233
matrix_rank_based_optimized,MultiSeat,0.694486484052349,0.69454490580692,0.6963981506104364,0.3277648778809769,0.2809269873084968
matrix_rank_based_optimized,Musical_Instrument,0.19490850933035586,0.5946854621037492,0.598942252393993,0.23676470588235293,0.17176136988305682
matrix_rank_based_optimized,NonWheelChair,2.058558438952042,0.88212843247661,0.8679941028004671,0.5167194239369162,0.45373066718982785
matrix_rank_based_optimized,PianoBoard,0.24114021311247474,0.6476002350790127,0.6500608919942537,0.2582720588235294,0.20978437142768702
matrix_rank_based_optimized,PlantIndoors,1.202696950337701,0.7739591273184365,0.7584612008470984,0.3859477124183006,0.3370073756205555
matrix_rank_based_optimized,PlantWildNonTree,0.20372383971505512,0.7711889271590764,0.7554664301765335,0.18099547511312217,0.09155049630206072
matrix_rank_based_optimized,Quadruped,2.267123525521775,0.8599250383413385,0.8470534652095508,0.5930082559339526,0.5456819294173765
matrix_rank_based_optimized,RectangleTable,1.460103818746375,0.7751198940466073,0.7689537304015577,0.45295463723246737,0.3580400384957993
matrix_rank_based_optimized,Rocket,0.20095804170163212,0.7512673788646896,0.7434788660765146,0.26715686274509803,0.17150904095101902
matrix_rank_based_optimized,RoundTable,0.63102618199401,0.8325545511015952,0.8229526540933702,0.3438914027149321,0.25200498841586444
matrix_rank_based_optimized,Shelf,0.36975308434350224,0.624264051399071,0.6134787877536596,0.25272331154684097,0.16085586939593224
matrix_rank_based_optimized,Ship,0.6478065091996974,0.6441244589380496,0.6456990173480424,0.3099264705882353,0.2030042404562795
matrix_rank_based_optimized,Sign,0.05506610055022978,0.49652348931887835,0.5032770179263935,0.1176470588235294,0.07928513237470478
matrix_rank_based_optimized,Skyscraper,0.10862766458028306,0.5254298898611293,0.5155219080579861,0.1568627450980392,0.09523010548026752
matrix_rank_based_optimized,Spoon,0.15573857667863597,0.8007453178902886,0.7951505032680263,0.16666666666666666,0.10655668859173
matrix_rank_based_optimized,Starship,0.1426306950957004,0.6261973366212347,0.6070825769618357,0.18539915966386555,0.08474020567871157
matrix_rank_based_optimized,SubmachineGun,0.2423093562208706,0.8752165774237082,0.8777194070784903,0.22624434389140274,0.1490373819297885
matrix_rank_based_optimized,Sword,1.621114245649368,0.9022233597436126,0.8948110980357974,0.5247104689829148,0.46470493474816227
matrix_rank_based_optimized,Tool,1.0696597281380718,0.7761636576755284,0.7555394992153112,0.599154432570991,0.43448236012677066
matrix_rank_based_optimized,Train,0.15695448074478968,0.6031241646618551,0.5953855443540689,0.19705882352941176,0.09985604691962374
matrix_rank_based_optimized,Tree,1.2125663832380285,0.8149394923497004,0.8099094887811292,0.5476436188510492,0.4097064511299191
matrix_rank_based_optimized,Truck,0.2058819425422369,0.6376679298703356,0.6268212192832375,0.21671826625386995,0.15457564775708194
matrix_rank_based_optimized,TruckNonContainer,0.1758863192008933,0.8364546602237605,0.8298776174306733,0.15716911764705882,0.1280035695631845
matrix_rank_based_optimized,Vase,0.11263592787671789,0.7013422007547462,0.6854482270819233,0.12745098039215685,0.08138294439139902
matrix_rank_based_optimized,Violin,0.2504463051953153,0.7980518915153889,0.7889836641852771,0.2959558823529412,0.1803742281475664
matrix_rank_based_optimized,Wheel,0.14408656787627097,0.7349661054012683,0.7285106421750857,0.18823529411764706,0.11210972040062653
matrix_rank_based_optimized,WheelChair,0.6047143588592041,0.9462115275782509,0.9398624896608768,0.4745098039215686,0.36212991690480323
matrix_rank_based_optimized,__overall_by_shape__,1.516762688489686,0.7755683897764559,0.7932808186511315,0.41946286962685825,0.32993940355072554
matrix_rank_based_optimized,__weighted_by_class__,1.5167626884896863,0.7755683897764563,0.7932808186511315,0.3909313301688973,0.32993940355072554
matrix_weighted_sum,AircraftBuoyant,0.1618791898851558,0.5271194605009634,0.5234929810074318,0.2058823529411765,0.15651083723926174
matrix_weighted_sum,Apartment,0.1507931022893314,0.6082291999116195,0.5981487787027362,0.18627450980392157,0.09834925181221899
matrix_weighted_sum,AquaticAnimal,0.3979708154477165,0.8265296713429493,0.8181144011315915,0.2913165266106442,0.22163666207895724
matrix_weighted_sum,Bed,0.49286337787307616,0.7532026171594816,0.7631025486533421,0.2964572192513369,0.24563534913555318
matrix_weighted_sum,Bicycle,1.7412624035176743,0.9338946294170175,0.9305631114643744,0.7834967320261439,0.7885929699837677
matrix_weighted_sum,Biplane,0.9024463826230226,0.8524919061066157,0.8427669085337284,0.32432432432432434,0.27060558829722015
matrix_weighted_sum,Bird,0.34935395170900685,0.6417696058371885,0.6418236246061703,0.23175381263616557,0.14762070586380782
matrix_weighted_sum,Bookset,0.24140932122111464,0.7481280745287536,0.7313447390187628,0.2605042016806723,0.1849099674152601
matrix_weighted_sum,Bottle,0.7254845586705199,0.75144441898652,0.733387113198661,0.5029813094828575,0.4078011135154434
matrix_weighted_sum,BuildingNonResidential,0.18374893650060675,0.531399360917053,0.5146959600920324,0.15,0.05412250270200828
matrix_weighted_sum,Bus,0.1406218144767196,0.7410561142309869,0.7252941752644638,0.195855614973262,0.10958680242004921
matrix_weighted_sum,Car,2.7453589685760127,0.8085354383300916,0.7991629093265654,0.5234165376676987,0.4747860667888166
matrix_weighted_sum,Cellphone,0.252570232617888,0.6924317617866005,0.6874900962082626,0.24434389140271492,0.16099651220363215
matrix_weighted_sum,Chess,0.7995375924155123,0.788768398356533,0.7730613486759037,0.31699346405228757,0.2757310061183286
matrix_weighted_sum,City,0.3175307756467902,0.756043939162977,0.7280148270516491,0.22058823529411764,0.19071361623513264
matrix_weighted_sum,ClassicPiano,0.13475751896913998,0.6354120412694266,0.6194190501066562,0.15497737556561086,0.10216981852864508
matrix_weighted_sum,Computer,0.4173054464351068,0.6641726516726517,0.6279538199992745,0.26944971537001894,0.2568363130603724
matrix_weighted_sum,ComputerKeyboard,0.912527464408614,0.8694995864350703,0.8433502024291497,0.6157096854336276,0.560337205876992
matrix_weighted_sum,Cup,0.1442388012932843,0.5924776606713256,0.5818071944094398,0.17474048442906576,0.10049454374857444
matrix_weighted_sum,DeskLamp,0.330347112856058,0.6980625505358475,0.6804223027961717,0.3891402714932127,0.16543076776992335
matrix_weighted_sum,DeskPhone,0.17302875651876573,0.7074039005702842,0.6789512864045971,0.18487394957983191,0.13110108918705268
matrix_weighted_sum,Door,0.6259179154881599,0.587865906980081,0.5783540590252415,0.38478297301826714,0.3625170127923145
matrix_weighted_sum,Drum,0.2471125777716941,0.712963083888381,0.7149817160767924,0.2555147058823529,0.1554966205777666
matrix_weighted_sum,Fish,1.1221689651383921,0.9652093944538768,0.9628772147490313,0.6215686274509803,0.6300276225885942
matrix_weighted_sum,FloorLamp,0.08110679100628791,0.6041276419394944,0.5962865036607268,0.12941176470588237,0.052182682541964266
matrix_weighted_sum,Glasses,0.6393966339684178,0.8251452318269837,0.8030873111210101,0.5003869969040248,0.42712657268729426
matrix_weighted_sum,Guitar,0.2559364429172065,0.8662313351617257,0.8615581602890601,0.23529411764705882,0.11914516247058193
matrix_weighted_sum,Gun,0.648744969324227,0.7198292384104277,0.7153986990628283,0.266281512605042,0.19559002674734643
matrix_weighted_sum,Hand,0.8671907309056971,0.8155582696399023,0.8043955287277326,0.38116057233704287,0.387775610486584
matrix_weighted_sum,Hat,0.1323642161203468,0.7714580508224752,0.7762498280368688,0.16176470588235295,0.08725681803814292
matrix_weighted_sum,Helicopter,1.4608679475528112,0.8805472452910783,0.8787202692013496,0.4371373072493681,0.4000785464796476
matrix_weighted_sum,House,0.30740558952912694,0.5367480975231448,0.535407521325373,0.2069964349376114,0.15054601520117492
matrix_weighted_sum,HumanHead,2.678907024611609,0.8960904244395705,0.886871702047503,0.7644453044375645,0.7566430627278077
matrix_weighted_sum,Humanoid,5.7375106069129105,0.8110933373985479,0.7943646494058478,0.6847792210143522,0.6461653907090786
matrix_weighted_sum,Insect,0.8015394961443093,0.7105566631009109,0.6986096388861875,0.2790032679738562,0.2351874443835421
matrix_weighted_sum,Jet,5.253167825000945,0.8445235467001504,0.8275227262713395,0.5673732943469786,0.5486335004450176
matrix_weighted_sum,Knife,0.231203519933436,0.8278265072103551,0.7973874345104442,0.22459893048128343,0.10419665007294897
matrix_weighted_sum,MilitaryVehicle,0.55779651281436,0.8744580122763483,0.867678594749902,0.434640522875817,0.3980009006115884
matrix_weighted_sum,Monitor,0.11355599625200641,0.4970310391363023,0.5174530930303426,0.21176470588235294,0.10718603219673825
matrix_weighted_sum,Monoplane,0.20118211748642273,0.8263625876104654,0.8191274868312219,0.2292387543252595,0.19782684293252983
matrix_weighted_sum,Motorcycle,0.5196101284842034,0.8668478122209465,0.8585350368473215,0.3147759103641456,0.2582213661312675
matrix_weighted_sum,Mug,0.5142127950557651,0.8099738487051921,0.8039852512585004,0.42298761609907115,0.31414668629616693
matrix_weighted_sum,MultiSeat,0.6910603030323951,0.7232316900724758,0.7097967556889414,0.32616194625998546,0.2647707837053036
matrix_weighted_sum,Musical_Instrument,0.21503852373550586,0.6283931280414524,0.628630815172573,0.19730392156862744,0.17176136988305682
matrix_weighted_sum,NonWheelChair,1.5667023983773132,0.8036656640675115,0.7781944107868898,0.496328689370485,0.41863751584083436
matrix_weighted_sum,PianoBoard,0.3547120441535269,0.6412030386139045,0.6320782726045884,0.41006787330316735,0.2710086317686121
matrix_weighted_sum,PlantIndoors,0.8770768025928006,0.687256998769741,0.6757027231756313,0.3069852941176471,0.25344752151890043
matrix_weighted_sum,PlantWildNonTree,0.14977206789395295,0.6986611812731216,0.6844661308840414,0.16666666666666666,0.0777533480384178
matrix_weighted_sum,Quadruped,1.687109729515157,0.813675042288628,0.8028357576892782,0.5498060053981106,0.5069632713203975
matrix_weighted_sum,RectangleTable,1.7583574295413915,0.7372096434096416,0.7420207493601152,0.5083296476485331,0.4279867069723799
matrix_weighted_sum,Rocket,0.13757724212316672,0.7306544920935383,0.7284399906302457,0.20073529411764707,0.1070624511184663
matrix_weighted_sum,RoundTable,0.4555595789437009,0.728046733542154,0.7155523505544321,0.2966751918158568,0.19221734594007842
matrix_weighted_sum,Shelf,0.34840491020146863,0.5932680903598998,0.5780390987925162,0.2394957983193277,0.15807504881566312
matrix_weighted_sum,Ship,0.6987667164418461,0.6679625667925508,0.6674290972707921,0.29336349924585214,0.18726622135174564
matrix_weighted_sum,Sign,0.05192936601382955,0.49014226247655635,0.5084447697319936,0.11764705882352941,0.05271284682991098
matrix_weighted_sum,Skyscraper,0.14212296345335979,0.5441687344913151,0.5085772278089766,0.16666666666666666,0.10120886972784611
matrix_weighted_sum,Spoon,0.16236215114041538,0.8015467219792626,0.7969133759603712,0.21176470588235294,0.11285012464181272
matrix_weighted_sum,Starship,0.15367898753664297,0.6782918101773054,0.6552664567632185,0.15441176470588236,0.06545386939619995
matrix_weighted_sum,SubmachineGun,0.2502400088679021,0.8504712463540987,0.853321144051195,0.226890756302521,0.16099491042494568
matrix_weighted_sum,Sword,1.490649052399972,0.8587107555120329,0.8417300494821806,0.5842131724484665,0.4814816934127711
matrix_weighted_sum,Tool,0.8770158784929702,0.7301118748222696,0.7056127635484981,0.5767543859649122,0.43170153954650153
matrix_weighted_sum,Train,0.1557034490896161,0.661673731240692,0.6468038212344548,0.14950980392156862,0.07562174151483397
matrix_weighted_sum,Tree,0.8151132399044504,0.7223472363595237,0.7158070133659844,0.5030699148346206,0.3660054806944112
matrix_weighted_sum,Truck,0.23217407905168588,0.6886616540287216,0.6703152214619716,0.2287581699346405,0.15457564775708194
matrix_weighted_sum,TruckNonContainer,0.1878253600829624,0.8641232423490489,0.8591691698228201,0.12952488687782807,0.08567334720842126
matrix_weighted_sum,Vase,0.1185247662720913,0.6644582725934306,0.6392074592608454,0.13445378151260504,0.04991576414098532
matrix_weighted_sum,Violin,0.277133793108701,0.8436931348221671,0.8155451438770623,0.2816742081447964,0.185874119773432
matrix_weighted_sum,Wheel,0.16864393152062174,0.7312668561848532,0.7051503996889958,0.20320855614973263,0.13321124127443335
matrix_weighted_sum,WheelChair,0.6127316392307356,0.9295666274868312,0.9153403204039877,0.3753869969040247,0.36308766214822924
matrix_weighted_sum,__overall_by_shape__,1.3121010081985816,0.7476109697179747,0.7634731472833203,0.40448113996081553,0.31096932967268304
matrix_weighted_sum,__weighted_by_class__,1.3121010081985818,0.7476109697179745,0.7634731472833203,0.3757755145154746,0.310969329672683
