approach,class,ACC,PPV,TPR,TNR,F1,AP,ROC_AUC,MCC,NDCG,NDCG_top10
matrix_minmax_optimized,AircraftBuoyant,0.9992005364142768,0.075,0.1071428571428571,0.9995227284453846,0.1283422459893048,0.1194252933073211,0.4832163501238645,0.0892497394540024,0.3762477247724957,0.1409608616217151
matrix_minmax_optimized,Apartment,0.999201657681578,0.0739130434782608,0.1055900621118012,0.9995221687666824,0.1818181818181818,0.1747811832315175,0.6404037676249397,0.0879514009468648,0.4094383628678353,0.1049968576209368
matrix_minmax_optimized,AquaticAnimal,0.999266851366088,0.1392857142857143,0.1989795918367347,0.9995558978970568,0.2867647058823529,0.3013813319979549,0.7801933083053415,0.1661195654942988,0.4576659076297545,0.1569975598780073
matrix_minmax_optimized,Bed,0.9993065584668638,0.1703703703703704,0.2495590828924162,0.9995719398773724,0.2483288770053476,0.337303969491974,0.7051636551843935,0.2057769208183625,0.467973076428081,0.1938202767361827
matrix_minmax_optimized,Bicycle,0.9998274110869532,0.7538461538461539,0.8736263736263736,0.9998729899321828,0.8380598555211559,1.910056541930628,0.93757048092869,0.8096745983861257,0.8156727698427857,0.8041246855836589
matrix_minmax_optimized,Biplane,0.9993604291314214,0.2311111111111111,0.326984126984127,0.9996032768596974,0.3384168482207698,0.8345182791151752,0.8157688460028619,0.2745469450146766,0.5752425061368721,0.2752774462789783
matrix_minmax_optimized,Bird,0.9992563129435134,0.127906976744186,0.1843853820598006,0.9995500272517676,0.2164215686274509,0.3541794452639068,0.6217308577069708,0.153182347024346,0.4731846553732435,0.1721407645013829
matrix_minmax_optimized,Bookset,0.9993294821539096,0.2,0.2857142857142857,0.9995872246014136,0.2941176470588235,0.3303514748126729,0.7521048278263898,0.2387188456434675,0.4879226134317829,0.2393863139343247
matrix_minmax_optimized,Bottle,0.9993415170896086,0.21,0.3,0.9995923851812644,0.3529411764705882,0.4991186443103309,0.7107820674380417,0.2506774419910824,0.5107557174284268,0.2578136855571202
matrix_minmax_optimized,BuildingNonResidential,0.9992042205782664,0.0714285714285714,0.1043083900226757,0.9995208892475432,0.1694677871148459,0.2376720053287328,0.5457782424831163,0.08589590840048,0.4296673353937669,0.08632914039173
matrix_minmax_optimized,Bus,0.9992160099030328,0.08,0.1154761904761904,0.9995253134827312,0.2099673202614379,0.1440879724269033,0.7286785512167515,0.0957137834380399,0.3895594243933271,0.084863796990291
matrix_minmax_optimized,Car,0.99953695440015,0.4191011235955056,0.5411985018726592,0.9997002749107712,0.5160017114924809,2.7101602005775587,0.8169806681042636,0.4746129641029197,0.6790081244221897,0.4492552284521109
matrix_minmax_optimized,Cellphone,0.999259851454508,0.13,0.1857142857142857,0.9995511080850902,0.2039215686274509,0.206147888494607,0.646866701493187,0.1550177479560535,0.4283203678051273,0.1689988325596906
matrix_minmax_optimized,Chess,0.9994731645495004,0.338095238095238,0.4829931972789115,0.9996584781314328,0.451510333863275,0.8660301320698333,0.7771779911932197,0.4038473828521559,0.5937149421945043,0.4287850125584848
matrix_minmax_optimized,City,0.9993199306176406,0.1888888888888888,0.2751322751322751,0.9995814920041528,0.2518382352941176,0.3406089236944698,0.7073633311708799,0.2275622121369703,0.4837653337028906,0.2562492518611785
matrix_minmax_optimized,ClassicPiano,0.9992289044769962,0.095,0.1392857142857143,0.9995330514241914,0.1881127450980392,0.1345601393539033,0.5826106830351312,0.1146062196455153,0.3890536558269721,0.1308319860720679
matrix_minmax_optimized,Computer,0.9993232302392608,0.1939393939393939,0.277056277056277,0.9995840975150608,0.2689075630252101,0.3684717464731565,0.6133142758142758,0.2314718586767056,0.493127018041985,0.2708354613403723
matrix_minmax_optimized,ComputerKeyboard,0.9996105838663092,0.495,0.6297619047619047,0.9997394369935944,0.6894269220846233,0.9811753943606794,0.8990542423055157,0.5567253130833099,0.6728898424380068,0.5246341087084277
matrix_minmax_optimized,Cup,0.9992452376040164,0.1133333333333333,0.1682539682539682,0.9995425092187774,0.2387543252595155,0.2117753772548082,0.6148041012716233,0.1376441228919474,0.422522508534856,0.1367302120635339
matrix_minmax_optimized,DeskLamp,0.999211351218246,0.0838709677419354,0.1221198156682027,0.999527306193062,0.2369909502262443,0.2245909390019811,0.6511835998052277,0.1007851080505616,0.4215105214979837,0.1065058738315988
matrix_minmax_optimized,DeskPhone,0.999236641221374,0.11,0.1571428571428571,0.9995407873690728,0.1990950226244343,0.1402100245478927,0.7059814548778894,0.1311010891870526,0.3967139887608485,0.1194923061330902
matrix_minmax_optimized,Door,0.9993736921217836,0.2428571428571428,0.3469387755102041,0.9996093375691952,0.3076923076923077,0.5439289913318204,0.5284928520045993,0.2899653963369984,0.5247721135080708,0.3398896703782876
matrix_minmax_optimized,Drum,0.9992856406024344,0.155,0.225,0.99956400691698,0.3057598039215686,0.2254148402275099,0.7437965260545906,0.1863481870590856,0.4255380296741239,0.1495596714310395
matrix_minmax_optimized,Fish,0.9997524241799052,0.65,0.8142857142857143,0.9998194096981252,0.7189026487788098,1.3645813879196846,0.9628531626833836,0.7253569303063514,0.7953415383193917,0.6999358363425126
matrix_minmax_optimized,FloorLamp,0.9991623684753456,0.036,0.0514285714285714,0.9995026067095456,0.1512605042016806,0.0890955420035475,0.6120044205000691,0.0426166597458385,0.360900040770255,0.0421854576124716
matrix_minmax_optimized,Glasses,0.9993729165083124,0.2421052631578947,0.3458646616541353,0.999608949622392,0.3865546218487394,0.4403330839941399,0.8322212793938822,0.2890663340441294,0.5424112953172248,0.3219348389881657
matrix_minmax_optimized,Guitar,0.999259851454508,0.13,0.1857142857142857,0.9995511080850902,0.2549019607843137,0.2544256759516795,0.862095685864786,0.1550177479560535,0.446491678982804,0.1078480342707954
matrix_minmax_optimized,Gun,0.9992805717009456,0.1517241379310345,0.217159277504105,0.9995623161542396,0.235461229946524,0.5898871833828901,0.6875130269893801,0.1811585268393981,0.5203217203650476,0.1701660459000379
matrix_minmax_optimized,Hand,0.9995553114492666,0.4162162162162162,0.5952380952380952,0.999698787174743,0.4894232467761879,0.9755759790281208,0.8128232355637603,0.4972885425307884,0.6354477590503674,0.510211943736377
matrix_minmax_optimized,Hat,0.9992538339866583,0.1266666666666666,0.1809523809523809,0.9995493868565434,0.2235294117647059,0.1578954059091014,0.7845724505237506,0.151030303345648,0.4035992600468618,0.1247492440008372
matrix_minmax_optimized,Helicopter,0.9994730923109908,0.3450980392156863,0.4729225023342671,0.9996620915105732,0.4406539312902888,1.260059424041396,0.8238872323122797,0.4029247354889317,0.6171867526352209,0.3838454431652856
matrix_minmax_optimized,House,0.99928126765996,0.1521739130434782,0.2184265010351966,0.9995625482742556,0.25,0.3759802592893776,0.5560802514016124,0.1819477732849385,0.46743317610682,0.1581431757678471
matrix_minmax_optimized,HumanHead,0.9997663806599596,0.6588235294117647,0.8389355742296919,0.9998239615013552,0.7503345373237015,3.1338192342356934,0.9106258573810756,0.7420965573277521,0.790321675126751,0.6897614484949304
matrix_minmax_optimized,Humanoid,0.9996669204415684,0.573943661971831,0.6830985915492958,0.9997801675814766,0.68789035625215,5.387528625278225,0.7759542682491768,0.6241034440929932,0.7407058562927686,0.5960923659426491
matrix_minmax_optimized,Insect,0.9993318626906412,0.2015384615384615,0.2879120879120879,0.999588018809812,0.2802139037433155,0.7542448179124165,0.6687038072546921,0.2405589582669337,0.5455700141318468,0.2297280412045439
matrix_minmax_optimized,Jet,0.9995739184255612,0.4521739130434782,0.6014492753623188,0.9997173378140024,0.5423024707405395,4.259415288862527,0.7775396584475138,0.5205542150868562,0.7112643751701144,0.47732625036206
matrix_minmax_optimized,Knife,0.9992392201361668,0.1125,0.1607142857142857,0.9995420772921934,0.226890756302521,0.2559288785444432,0.8156541551096863,0.1340904713108419,0.4468056783377587,0.1175075014254458
matrix_minmax_optimized,MilitaryVehicle,0.9994842170414688,0.345,0.5023809523809524,0.9996620417396708,0.4542483660130718,0.6261529848254351,0.8924339384441252,0.4159371933543242,0.6048691912256068,0.3951752376468732
matrix_minmax_optimized,Monitor,0.9991799050959356,0.055,0.0785714285714285,0.99951240906042,0.1617647058823529,0.090037661688076,0.4822254146532584,0.065334682463688,0.3485183970721227,0.0712601307117037
matrix_minmax_optimized,Monoplane,0.999244377965752,0.115,0.1678571428571428,0.9995433681470508,0.1818627450980392,0.1452788725188172,0.7594662835749423,0.1385180730784568,0.4000067470908472,0.1073956130864929
matrix_minmax_optimized,Motorcycle,0.9993989144752504,0.2653846153846154,0.3818681318681319,0.9996209617689804,0.3539002557544756,0.6515313320834142,0.8818178339073862,0.3180090086070535,0.5937000630104304,0.3461726218228651
matrix_minmax_optimized,Mug,0.9994306549650062,0.2961538461538461,0.4276556776556776,0.9996368375410718,0.5053104575163399,0.6449873135298003,0.8762584513330782,0.3555381310870957,0.5655733817554341,0.3168665984406175
matrix_minmax_optimized,MultiSeat,0.999370744790592,0.2377777777777777,0.3444444444444444,0.9996067174237504,0.3615546218487395,0.7309699206908609,0.7240482552225135,0.285808645359746,0.5445104055854932,0.2727734112956163
matrix_minmax_optimized,Musical_Instrument,0.9992361499995088,0.1047619047619047,0.1530612244897959,0.9995380868280482,0.2175245098039215,0.1573489524368946,0.5905500719112634,0.126208880377696,0.3902698634019484,0.1067455826566485
matrix_minmax_optimized,NonWheelChair,0.9995306375077369,0.4033333333333333,0.5507936507936507,0.99969213799352,0.5164720534087579,1.808056773972456,0.8235038227062574,0.4706715632676004,0.6563372860312957,0.4336803437531519
matrix_minmax_optimized,PianoBoard,0.9993062719207758,0.175,0.2547619047619047,0.9995743261688396,0.2439446366782006,0.263115912392639,0.6244786905228332,0.210742116671113,0.4495924416479407,0.2285198212034625
matrix_minmax_optimized,PlantIndoors,0.99941007324118,0.271875,0.3947172619047618,0.9996243125116404,0.3677783613445378,0.983852889995652,0.6798915332771693,0.3272115969519765,0.575128216319308,0.3215323469532635
matrix_minmax_optimized,PlantWildNonTree,0.9991687959245212,0.0423076923076923,0.0613553113553113,0.9995058611414596,0.1446078431372549,0.1162607269133527,0.6628453884424034,0.0505274150662957,0.3813576039719514,0.04322615558764
matrix_minmax_optimized,Quadruped,0.9995629418088235,0.4456140350877193,0.5764411027568922,0.9997139534232294,0.5829647648533097,1.814619724575534,0.820553062622958,0.5058393768636339,0.6549967233874634,0.4615943147536417
matrix_minmax_optimized,RectangleTable,0.9993985446178484,0.2694915254237288,0.3753026634382566,0.9996230801817488,0.4203802733214497,1.3670245287932037,0.7190370446255702,0.3176249583234301,0.600145679380631,0.2955533698817189
matrix_minmax_optimized,Rocket,0.9991856058549512,0.0578947368421052,0.0827067669172932,0.9995139040567204,0.2156862745098039,0.1008865064771657,0.7085282449613077,0.0687977583740614,0.3626863970641323,0.0651603287136943
matrix_minmax_optimized,RoundTable,0.9992750383971758,0.1472222222222222,0.2103174603174603,0.9995599928910904,0.2598039215686274,0.4097089795272208,0.724149187846107,0.1756096674745823,0.493714900096086,0.1798481282653675
matrix_minmax_optimized,Shelf,0.9993030932583568,0.1744186046511628,0.2491694352159468,0.9995740253880868,0.259515570934256,0.3915954334748965,0.6086922043663316,0.2081298192605072,0.4856470895587566,0.2129905110264681
matrix_minmax_optimized,Ship,0.9992803995820494,0.1483870967741935,0.2139016897081413,0.9995605958627104,0.2935214626391096,0.637578341141606,0.6523758206069153,0.1777775282497521,0.5172901973821806,0.1802623729838676
matrix_minmax_optimized,Sign,0.9991690163445888,0.0444444444444444,0.0634920634920634,0.9995069627183552,0.1568627450980392,0.0530109239636338,0.4912515438452038,0.0527128468299109,0.2935978132340093,0.0824019803752882
matrix_minmax_optimized,Skyscraper,0.9992289044769962,0.1,0.1428571428571428,0.9995356290076431,0.1680672268907563,0.1514515427369258,0.5674317617866005,0.1191451624705819,0.3969011575753247,0.1396305448736789
matrix_minmax_optimized,Spoon,0.9992208962679032,0.0947368421052631,0.1353383458646616,0.999532912048968,0.2352941176470588,0.156837917122109,0.7408309943937976,0.1128501246418127,0.40394451094258,0.1141292218591566
matrix_minmax_optimized,Starship,0.9991880577943124,0.0580645161290322,0.0837173579109062,0.9995139927468598,0.1517857142857142,0.1609563767577778,0.6732321946294634,0.0693111366527022,0.4047565630708004,0.0752630895602272
matrix_minmax_optimized,SubmachineGun,0.9992624303693006,0.135,0.1928571428571428,0.9995536866002784,0.2117647058823529,0.2129425256519125,0.7941426146010186,0.1609949104249456,0.437646775553388,0.1451593799468881
matrix_minmax_optimized,Sword,0.9995153789285468,0.3791666666666666,0.5416666666666666,0.9996796696463274,0.5352941176470588,1.449845677709081,0.8288087183595954,0.4529585652561536,0.6449410920223811,0.4163386085182497
matrix_minmax_optimized,Tool,0.9995166034132836,0.4209302325581395,0.4883720930232558,0.9997012169405588,0.6043064155486756,0.9467953963760292,0.6913022469754032,0.4519303004805207,0.5679764677062983,0.4568962286428092
matrix_minmax_optimized,Train,0.9992039749673336,0.0733333333333333,0.1063492063492063,0.9995218709812692,0.1735294117647058,0.1372153053987796,0.618232806354298,0.0878985184244665,0.3926874625719281,0.0885579459536112
matrix_minmax_optimized,Tree,0.9994752469030598,0.3413043478260869,0.4875776397515527,0.9996601332995336,0.5130718954248366,0.9081985162078408,0.7432506503158677,0.4076839222054715,0.5796426195620318,0.3703655541581526
matrix_minmax_optimized,Truck,0.999260711092772,0.1296296296296296,0.1878306878306878,0.9995509173304562,0.2178792569659442,0.2426327464573241,0.6758476403851766,0.1556398091386664,0.4432248275014036,0.1676009821200171
matrix_minmax_optimized,TruckNonContainer,0.9992804827728492,0.1399999999999999,0.2071428571428571,0.9995562723031516,0.2225490196078431,0.2120809540324653,0.8592094379870272,0.1698549192962347,0.4311595102761982,0.1125963881515192
matrix_minmax_optimized,Vase,0.9991774619135004,0.0526315789473684,0.075187969924812,0.99951118702799,0.1470588235294117,0.0944840756690664,0.6652886867851728,0.0625026362411508,0.3573590164848214,0.0592598153736215
matrix_minmax_optimized,Violin,0.9992314833917888,0.095,0.1392857142857143,0.999533052755244,0.1504901960784313,0.1672235411604992,0.7988920813199252,0.1146078214242017,0.4163273815494494,0.0986703558943633
matrix_minmax_optimized,Wheel,0.99918384931856,0.0588235294117647,0.0840336134453781,0.9995143818840162,0.2352941176470588,0.1239096073985021,0.7116240858177223,0.0699066786530128,0.3777928774037235,0.0844477601689029
matrix_minmax_optimized,WheelChair,0.999551268826078,0.4149999999999999,0.5857142857142856,0.9996981595870056,0.5103878116343491,0.8022542143127976,0.8841985546994036,0.4923277965936973,0.6469076829788223,0.4555907108194668
matrix_minmax_optimized,__overall_by_query__,0.9993941771615876,0.2689089417555373,0.3620160943786866,0.9996227801328356,0.4064876640422885,1.2404647107957727,0.7301298475459727,0.3111283940061789,0.549019371527081,0.3004475668206013
matrix_minmax_optimized,__macro_by_class__,0.999345191920222,0.2179652078794833,0.298597025463949,0.9995964949560076,0.3266007780130069,0.6993270681297155,0.722694857114883,0.2544002588664206,0.5038735899010718,0.2483127548825683
matrix_rank_based_optimized,AircraftBuoyant,0.9992779038580566,0.15,0.2142857142857142,0.999561426139002,0.2171945701357465,0.1940965677634208,0.6880952380952381,0.1789312031676815,0.4367077793947719,0.2006370528230164
matrix_rank_based_optimized,Apartment,0.9991837174047596,0.0565217391304347,0.0807453416149068,0.9995131953884524,0.1529411764705882,0.1139456798749909,0.5825129501878085,0.0671556992161567,0.3768633154969324,0.0777440977785099
matrix_rank_based_optimized,AquaticAnimal,0.9993736921217836,0.2428571428571428,0.3469387755102041,0.9996093375691952,0.3636363636363636,0.541183469271875,0.8667484467276998,0.2899653963369984,0.5477332561858658,0.2850322852748669
matrix_rank_based_optimized,Bed,0.9993600470699708,0.2222222222222222,0.3245149911816578,0.9995986937397956,0.3558823529411764,0.4937257101991894,0.7789606279859287,0.2681336408834095,0.5246412246603118,0.2661791059578359
matrix_rank_based_optimized,Bicycle,0.9997559949850028,0.6499999999999999,0.8223443223443223,0.999819408919816,0.7235386732290757,1.6776236890286915,0.9583473657354252,0.7296945124794422,0.7889560397550939,0.7100272966548752
matrix_rank_based_optimized,Biplane,0.9993982532150472,0.2666666666666666,0.3809523809523809,0.999621622551296,0.3529411764705882,1.0240843127017,0.8905304613202648,0.3184357022778489,0.6057588695986628,0.294662506444838
matrix_rank_based_optimized,Bird,0.999273105877047,0.1441860465116279,0.2065337763012181,0.9995584268749764,0.2433823529411764,0.4662183656769283,0.6812617186506589,0.1722026281823108,0.4998234254120196,0.1794124083888069
matrix_rank_based_optimized,Bookset,0.9992263255622036,0.1,0.1428571428571428,0.9995356276765904,0.1809954751131221,0.1788671035002714,0.7380294719428845,0.1191435606918954,0.4177777881553176,0.1292924510100975
matrix_rank_based_optimized,Bottle,0.9994773399353551,0.3433333333333334,0.4857142857142857,0.999661180903537,0.4640522875816993,0.715194946274776,0.7605744262420285,0.4080515046725919,0.5768753319407242,0.4119044338286744
matrix_rank_based_optimized,BuildingNonResidential,0.9992066766875928,0.0738095238095238,0.1065759637188208,0.9995221178725202,0.1743697478991596,0.2374407872714309,0.564087891355899,0.0882868698310288,0.4311717559068551,0.090290675273047
matrix_rank_based_optimized,Bus,0.9992108520734476,0.075,0.1142857142857142,0.9995227329709636,0.2009803921568627,0.1423886819380395,0.6798017064994994,0.0921293822990264,0.3887677670848809,0.1057381515199641
matrix_rank_based_optimized,Car,0.9995189889263136,0.4033707865168539,0.5133761369716425,0.9996921584807452,0.4996490153078775,2.3907463646667537,0.7603179976614045,0.4534747545695862,0.6578728634429428,0.4315594541782512
matrix_rank_based_optimized,Cellphone,0.999275324943264,0.145,0.2071428571428571,0.9995588476238136,0.213235294117647,0.25483620903417,0.6931903269339602,0.1729540406987893,0.4553799512957918,0.1863755793813351
matrix_rank_based_optimized,Chess,0.9995124622987218,0.3785714285714285,0.5340136054421768,0.999679362347444,0.5027380321497968,1.441706235366584,0.8268981500332532,0.4493045449698113,0.6652698765940629,0.4549007765937786
matrix_rank_based_optimized,City,0.999285545087072,0.1555555555555555,0.2222222222222222,0.9995642936207906,0.2352941176470588,0.3569090956661209,0.7704490694951085,0.1855754610566106,0.4934401006164585,0.2324997057146076
matrix_rank_based_optimized,ClassicPiano,0.9992082731586548,0.075,0.1071428571428571,0.9995227324385424,0.1764705882352941,0.1250105140320248,0.7098754951895868,0.0892545447900618,0.38178015294899,0.0849029453330326
matrix_rank_based_optimized,Computer,0.9994451425749136,0.3272727272727272,0.4242424242424242,0.9996528927693996,0.3917351886991355,0.7781139389820917,0.7755977130977131,0.3715782894914537,0.5840076359385228,0.3888901463799057
matrix_rank_based_optimized,ComputerKeyboard,0.9994816381266762,0.345,0.4845238095238094,0.9996620429375632,0.4472131445170661,0.7392081146634195,0.8439771886291411,0.4083232255061116,0.6168302923398356,0.4082754471075615
matrix_rank_based_optimized,Cup,0.9992246062856752,0.0933333333333333,0.1357142857142857,0.9995321902774972,0.1745356037151702,0.193506605724659,0.6789022224768015,0.1121328238292563,0.4208649795252916,0.106429696817259
matrix_rank_based_optimized,DeskLamp,0.999261265698104,0.132258064516129,0.1904761904761904,0.9995522725328831,0.2419117647058823,0.3050653024885819,0.7480940446993759,0.1583351668195719,0.4572403451624273,0.1472970888545942
matrix_rank_based_optimized,DeskPhone,0.9992314833917888,0.105,0.15,0.9995382075228316,0.1900452488687783,0.1631621023777499,0.7527817683165731,0.1251223249394741,0.4128848916708348,0.1258602517336763
matrix_rank_based_optimized,Door,0.9993638676844784,0.2333333333333333,0.3333333333333333,0.9996044235763548,0.3034055727554179,0.5131992263743163,0.5880515629029412,0.2785772739606582,0.5213208745855599,0.3361511033015691
matrix_rank_based_optimized,Drum,0.9992701671136786,0.1399999999999999,0.2011904761904762,0.9995562676444671,0.2539592760180995,0.182325938112315,0.737040181097906,0.1674541490729237,0.4051031889554837,0.1147501675905189
matrix_rank_based_optimized,Fish,0.99966989890654,0.5349999999999999,0.75,0.9997600737670956,0.6241830065359476,1.1311431213188088,0.9712354708110226,0.6331170984694742,0.7563849340253989,0.5994247133918432
matrix_rank_based_optimized,FloorLamp,0.9991953785846917,0.068,0.0971428571428571,0.9995191177254892,0.1428571428571428,0.1158615327380152,0.6414504765851637,0.0808807509303415,0.3792924685039223,0.0812514122010216
matrix_rank_based_optimized,Glasses,0.9994733584528684,0.3421052631578947,0.4812030075187969,0.9996605462669648,0.474673202614379,0.6797725902512223,0.9231788303610065,0.4053895391210911,0.6281834494258167,0.4014892613069459
matrix_rank_based_optimized,Guitar,0.9992237466474108,0.095,0.1357142857142857,0.999533049161402,0.2483660130718954,0.204294865704864,0.8363806538679205,0.1131663982230033,0.4235229040808727,0.0926889016502326
matrix_rank_based_optimized,Gun,0.9992859073867234,0.1568965517241379,0.2245484400656814,0.999564984960696,0.2491450068399452,0.6458897945844607,0.7175858002002979,0.1873434553713759,0.5275607119211622,0.1726784955258391
matrix_rank_based_optimized,Hand,0.999542765377302,0.4054054054054054,0.5791505791505791,0.9996932087690648,0.4760991641796595,1.2043409443705966,0.8910401446844597,0.4838909376744799,0.6708720098302279,0.5075101979777035
matrix_rank_based_optimized,Hat,0.9992194484560898,0.0933333333333333,0.1333333333333333,0.9995321878816024,0.1830065359477124,0.1437229154875521,0.7889786372658846,0.1111718750284573,0.3959883181286781,0.1083595712950427
matrix_rank_based_optimized,Helicopter,0.9995529881026064,0.4215686274509804,0.5840336134453782,0.9997015475648576,0.5420676851976488,1.813170610905869,0.9073765576611876,0.4955909290314197,0.6831795853846234,0.4543187873947685
matrix_rank_based_optimized,House,0.9992050214834814,0.0782608695652174,0.1118012422360248,0.9995244115325213,0.1841432225063938,0.2469902128880892,0.5367111385778682,0.093149629954026,0.4365514714541559,0.0887513484823708
matrix_rank_based_optimized,HumanHead,0.9998412197559032,0.7607843137254902,0.9014939309056956,0.9998765703393956,0.8372746818025456,4.030847388161607,0.9606520614110746,0.825887430200249,0.8479604968027988,0.7594847134844663
matrix_rank_based_optimized,Humanoid,0.9996967050912864,0.5901408450704225,0.7429577464788732,0.9997885244361489,0.6937067115403376,6.334063256968656,0.8441166154512266,0.6603994391307956,0.7700714371710983,0.6065509319408307
matrix_rank_based_optimized,Insect,0.999371538302836,0.24,0.3435897435897436,0.9996078636989868,0.3339572192513368,1.1755970910210252,0.8009793672404292,0.2868441433232079,0.59659127272666,0.271172620564744
matrix_rank_based_optimized,Jet,0.999651285869341,0.5391304347826087,0.6915113871635611,0.9997622048980812,0.6254568309318187,6.4961368144807885,0.875704147291635,0.6088448285361061,0.7752477129017481,0.5676182386753112
matrix_rank_based_optimized,Knife,0.9992306237535246,0.1041666666666666,0.1488095238095238,0.999537777548458,0.2100840336134453,0.2512527216573986,0.8190904806503129,0.1241258642315443,0.4524996188530727,0.1371451907480751
matrix_rank_based_optimized,MilitaryVehicle,0.9994274809160306,0.29,0.4226190476190476,0.9996336635641232,0.4044117647058823,0.5910383674173267,0.9207544294980629,0.3496919140092465,0.5891154128395921,0.328780765179272
matrix_rank_based_optimized,Monitor,0.9992160099030328,0.09,0.1285714285714285,0.9995304679841082,0.1764705882352941,0.1000744313699129,0.523144399460189,0.1071860321967382,0.3537459247795264,0.0952126248183946
matrix_rank_based_optimized,Monoplane,0.999342376727873,0.21,0.3035714285714285,0.9995923852256328,0.291955017301038,0.3587718551770673,0.9197324887902136,0.2521145937824503,0.511574664252836,0.2149878383094511
matrix_rank_based_optimized,Motorcycle,0.9994227198425673,0.2884615384615384,0.4166666666666666,0.9996328685468546,0.3544117647058823,0.5931179487151385,0.8793832121444061,0.3463400322446671,0.5782856680625051,0.353948399630951
matrix_rank_based_optimized,Mug,0.999416768500738,0.2846153846153846,0.4065934065934066,0.9996308835378028,0.4352941176470588,0.6365964822793428,0.8656257175660161,0.3398979329101823,0.5671082592470112,0.3156422008109913
matrix_rank_based_optimized,MultiSeat,0.9993673062375352,0.2355555555555555,0.335978835978836,0.9996055709437246,0.3277648778809769,0.694486484052349,0.69454490580692,0.2809269873084968,0.5361284752642603,0.2622900050866006
matrix_rank_based_optimized,Musical_Instrument,0.9992754477487302,0.1428571428571428,0.2074829931972789,0.9995577427994096,0.2367647058823529,0.1949085093303558,0.5946854621037492,0.1717613698830568,0.4126813364408145,0.1537381299928665
matrix_rank_based_optimized,NonWheelChair,0.999516023657245,0.3866666666666666,0.5337301587301587,0.9996835387279144,0.5167194239369162,2.058558438952042,0.88212843247661,0.4537306671898278,0.6747714091039779,0.3979939443203314
matrix_rank_based_optimized,PianoBoard,0.9993062719207758,0.175,0.2523809523809524,0.99957432643505,0.2582720588235294,0.2411402131124747,0.6476002350790127,0.209784371427687,0.4432054427303089,0.223870631521995
matrix_rank_based_optimized,PlantIndoors,0.99941893826078,0.28125,0.4047619047619047,0.9996291497649292,0.3859477124183006,1.202696950337701,0.7739591273184365,0.3370073756205555,0.5990336648691991,0.3387490698122706
matrix_rank_based_optimized,PlantWildNonTree,0.9992045039754964,0.0769230769230769,0.1098901098901098,0.9995237217178256,0.1809954751131221,0.2037238397150551,0.7711889271590764,0.0915504963020607,0.4294164843830131,0.0938710103750255
matrix_rank_based_optimized,Quadruped,0.9995973273393924,0.4859649122807017,0.6157059314954052,0.999734772954764,0.5930082559339526,2.267123525521775,0.8599250383413385,0.5456819294173765,0.6941094305001331,0.5152571646043367
matrix_rank_based_optimized,RectangleTable,0.9994335129540202,0.3033898305084745,0.423728813559322,0.9996405708452308,0.4529546372324673,1.460103818746375,0.7751198940466073,0.3580400384957993,0.6109324787593555,0.3144892630536285
matrix_rank_based_optimized,Rocket,0.9992724745637565,0.1421052631578947,0.2080200501253132,0.9995573535382336,0.267156862745098,0.2009580417016321,0.7512673788646896,0.171509040951019,0.4221762783077328,0.1597870276075854
matrix_rank_based_optimized,RoundTable,0.9993409439974328,0.2111111111111111,0.3015873015873016,0.9995929575930608,0.3438914027149321,0.63102618199401,0.8325545511015952,0.2520049884158644,0.5449753798509351,0.2426874678978816
matrix_rank_based_optimized,Shelf,0.9992623104197752,0.1348837209302325,0.1926910299003322,0.9995536266038544,0.2527233115468409,0.3697530843435022,0.624264051399071,0.1608558693959322,0.471722587344588,0.1503346999924632
matrix_rank_based_optimized,Ship,0.9993020291899878,0.1693548387096774,0.2442396313364055,0.9995714145298168,0.3099264705882353,0.6478065091996974,0.6441244589380496,0.2030042404562795,0.52124929964395,0.20405864078181
matrix_rank_based_optimized,Sign,0.9991919400316348,0.0666666666666666,0.0952380952380952,0.9995184287016492,0.1176470588235294,0.0550661005502297,0.4965234893188783,0.0792851323747047,0.3001092245444388,0.1041933689115138
matrix_rank_based_optimized,Skyscraper,0.9992082731586548,0.08,0.1142857142857142,0.9995253096226784,0.1568627450980392,0.108627664580283,0.5254298898611293,0.0952301054802675,0.3649220488329948,0.1140577187705458
matrix_rank_based_optimized,Spoon,0.9992154669736028,0.0894736842105263,0.1278195488721804,0.999530196421346,0.1666666666666666,0.1557385766786359,0.8007453178902886,0.10655668859173,0.408644413154887,0.1143948696783912
matrix_rank_based_optimized,Starship,0.9992013683222746,0.0709677419354838,0.1021505376344086,0.9995206504145788,0.1853991596638655,0.1426306950957004,0.6261973366212347,0.0847402056787115,0.3950512115400162,0.0687432317289438
matrix_rank_based_optimized,SubmachineGun,0.99925211471013,0.125,0.1785714285714285,0.9995485269077962,0.2262443438914027,0.2423093562208706,0.8752165774237082,0.1490373819297885,0.4503058338660614,0.1211242906034495
matrix_rank_based_optimized,Sword,0.9995261244068496,0.3999999999999999,0.5416666666666666,0.9996904183400476,0.5247104689829148,1.621114245649368,0.9022233597436126,0.4647049347481622,0.6690096842461886,0.4366455868226974
matrix_rank_based_optimized,Tool,0.9995010099750024,0.3999999999999999,0.4750830564784052,0.9996904175842132,0.599154432570991,1.0696597281380718,0.7761636576755284,0.4344823601267706,0.5919296058479394,0.4315674854424499
matrix_rank_based_optimized,Train,0.9992142906265044,0.0833333333333333,0.1206349206349206,0.9995270306737516,0.1970588235294117,0.1569544807447896,0.6031241646618551,0.0998560469196237,0.4024238694589915,0.1056512944164848
matrix_rank_based_optimized,Tree,0.999477489437662,0.3521739130434782,0.4782608695652174,0.9996657410821312,0.5476436188510492,1.2125663832380285,0.8149394923497004,0.4097064511299191,0.6145831870797476,0.3763804886875813
matrix_rank_based_optimized,Truck,0.999260711092772,0.1296296296296296,0.1851851851851851,0.9995509176262456,0.2167182662538699,0.2058819425422369,0.6376679298703356,0.1545756477570819,0.4261951346972987,0.1530928142622851
matrix_rank_based_optimized,TruckNonContainer,0.999244377965752,0.105,0.1571428571428571,0.9995382133794634,0.1571691176470588,0.1758863192008933,0.8364546602237605,0.1280035695631845,0.4210277116892778,0.1109523444339804
matrix_rank_based_optimized,Vase,0.9991937497964016,0.0684210526315789,0.0977443609022556,0.9995193339108568,0.1274509803921568,0.1126359278767178,0.7013422007547462,0.081382944391399,0.3765536698298096,0.076015829757664
matrix_rank_based_optimized,Violin,0.9992882195172272,0.15,0.2178571428571428,0.9995614310638968,0.2959558823529412,0.2504463051953153,0.7980518915153889,0.1803742281475664,0.4473614600096199,0.1727392540356695
matrix_rank_based_optimized,Wheel,0.9992202575273972,0.0941176470588235,0.134453781512605,0.9995325925633656,0.188235294117647,0.1440865678762709,0.7349661054012683,0.1121097204006265,0.3982241112860756,0.1312500563072706
matrix_rank_based_optimized,WheelChair,0.999440375489994,0.3,0.438095238095238,0.9996388244545528,0.4745098039215686,0.6047143588592041,0.9462115275782508,0.3621299169048032,0.5843893606338924,0.3148169392808582
matrix_rank_based_optimized,__overall_by_query__,0.9994104884274212,0.2851107465135356,0.3838528848783155,0.9996311397505662,0.4194628696268582,1.516762688489686,0.7755683897764559,0.3299394035507255,0.5691088788427204,0.3153731580971129
matrix_rank_based_optimized,__macro_by_class__,0.999355663412134,0.2276957525333253,0.3134322520627622,0.9996015156375094,0.3312351156866374,0.8175629877672669,0.7626647350481206,0.2664823512046356,0.519158562622824,0.258182343036456
matrix_weighted_sum,AircraftBuoyant,0.9992585619971116,0.13125,0.1875,0.9995517517155976,0.2058823529411765,0.1618791898851558,0.5271194605009634,0.1565108372392617,0.4010606983567196,0.1871539950534211
matrix_weighted_sum,Apartment,0.9992106278199872,0.0826086956521739,0.1180124223602484,0.9995266554557974,0.1862745098039215,0.1507931022893314,0.6082291999116195,0.0983492518122189,0.3972521971914727,0.1023961781546414
matrix_weighted_sum,AquaticAnimal,0.9993147454979516,0.1857142857142857,0.2653061224489795,0.9995798536121532,0.2913165266106442,0.3979708154477165,0.8265296713429493,0.2216366620789572,0.5010559897984519,0.219060212100508
matrix_weighted_sum,Bed,0.9993409439974325,0.2037037037037037,0.2971781305114638,0.9995891388523136,0.2964572192513369,0.4928633778730761,0.7532026171594816,0.2456353491355531,0.5181389788052774,0.2318907454341496
matrix_weighted_sum,Bicycle,0.9998095570614656,0.7307692307692307,0.8571428571428571,0.9998610845879612,0.7834967320261439,1.7412624035176745,0.9338946294170176,0.7885929699837677,0.7922712056312039,0.7745000675224704
matrix_weighted_sum,Biplane,0.9993569905783646,0.2266666666666666,0.3238095238095238,0.9996009837813664,0.3243243243243243,0.9024463826230226,0.8524919061066157,0.2706055882972201,0.5910587297387249,0.2833092314196479
matrix_weighted_sum,Bird,0.9992515149625038,0.1232558139534883,0.1777408637873754,0.999547627394799,0.2317538126361655,0.3493539517090068,0.6417696058371885,0.1476207058638078,0.4702624056084672,0.1466010951478127
matrix_weighted_sum,Bookset,0.9992830616876418,0.155,0.2214285714285714,0.9995640059852432,0.2605042016806723,0.2414093212211146,0.7481280745287536,0.1849099674152601,0.4434313286992016,0.1666932987645183
matrix_weighted_sum,Bottle,0.9994773399353551,0.3466666666666667,0.4809523809523809,0.9996629006235298,0.5029813094828575,0.7254845586705199,0.75144441898652,0.4078011135154434,0.574755829113363,0.4022293442220441
matrix_weighted_sum,BuildingNonResidential,0.9991772033756768,0.0452380952380952,0.0657596371882086,0.9995073758939992,0.15,0.1837489365006067,0.531399360917053,0.0541225027020082,0.4119054704220146,0.0518105559016306
matrix_weighted_sum,Bus,0.9992263255622036,0.09,0.1345238095238095,0.9995304726427924,0.195855614973262,0.1406218144767196,0.7410561142309869,0.1095868024200492,0.3944223437247209,0.104855075783143
matrix_weighted_sum,Car,0.99953695440015,0.4247191011235954,0.5345104333868379,0.99970317310589,0.5234165376676987,2.7453589685760127,0.8085354383300916,0.4747860667888166,0.6781987517738516,0.4494276816983541
matrix_weighted_sum,Cellphone,0.9992650092840932,0.135,0.1928571428571428,0.9995536879313314,0.2443438914027149,0.252570232617888,0.6924317617866005,0.1609965122036321,0.4516810722537411,0.1762475426780016
matrix_weighted_sum,Chess,0.9993626396298152,0.2309523809523809,0.3299319727891156,0.9996031957119794,0.3169934640522875,0.7995375924155123,0.788768398356533,0.2757310061183286,0.5806804534161424,0.3299318016631712
matrix_weighted_sum,City,0.9992893657015794,0.1592592592592592,0.2292768959435626,0.9995662044208132,0.2205882352941176,0.3175307756467902,0.756043939162977,0.1907136162351326,0.4849650227272513,0.2391410870770661
matrix_weighted_sum,ClassicPiano,0.9992185888178255,0.085,0.1238095238095237,0.9995278918648144,0.1549773755656108,0.1347575189691399,0.6354120412694266,0.102169818528645,0.3912096664990196,0.1244234258390188
matrix_weighted_sum,Computer,0.9993451119405318,0.2151515151515151,0.3073593073593073,0.999595042317296,0.2694497153700189,0.4173054464351068,0.6641726516726517,0.2568363130603724,0.5100109493057181,0.2970461453693912
matrix_weighted_sum,ComputerKeyboard,0.9996131627811018,0.49,0.6440476190476191,0.9997368574135772,0.6157096854336276,0.912527464408614,0.8694995864350703,0.560337205876992,0.6560411216230326,0.5175939913051988
matrix_weighted_sum,Cup,0.9992142906265044,0.0833333333333333,0.1222222222222222,0.999527030496278,0.1747404844290657,0.1442388012932843,0.5924776606713256,0.1004945437485744,0.3916020511960666,0.0837528410366637
matrix_weighted_sum,DeskLamp,0.9992662571460896,0.1387096774193548,0.1981566820276497,0.999555600679748,0.3891402714932127,0.330347112856058,0.6980625505358475,0.1654307677699233,0.4539692520200533,0.1612231155812115
matrix_weighted_sum,DeskPhone,0.999236641221374,0.11,0.1571428571428571,0.9995407873690728,0.1848739495798319,0.1730287565187657,0.7074039005702842,0.1311010891870526,0.4166105139912419,0.1416132741343155
matrix_weighted_sum,Door,0.9994363229096054,0.3047619047619048,0.4319727891156462,0.9996412783958772,0.3847829730182671,0.6259179154881599,0.587865906980081,0.3625170127923145,0.5400267480973356,0.3923454577665948
matrix_weighted_sum,Drum,0.999259851454508,0.13,0.1869047619047619,0.9995511079519848,0.2555147058823529,0.2471125777716941,0.712963083888381,0.1554966205777666,0.4422889778309164,0.1576765443965478
matrix_weighted_sum,Fish,0.9996673199917474,0.5349999999999999,0.7428571428571429,0.9997600735008576,0.6215686274509803,1.122168965138392,0.9652093944538768,0.6300276225885942,0.756924560904952,0.6063050356236785
matrix_weighted_sum,FloorLamp,0.999170621002682,0.044,0.0628571428571428,0.9995067344635316,0.1294117647058823,0.0811067910062879,0.6041276419394944,0.0521826825419642,0.3556960446144491,0.0505804716335448
matrix_weighted_sum,Glasses,0.9994923609829196,0.363157894736842,0.5037593984962406,0.9996714087774392,0.5003869969040248,0.6393966339684178,0.8251452318269837,0.4271265726872942,0.5987952649709893,0.430646733920964
matrix_weighted_sum,Guitar,0.9992289044769962,0.1,0.1428571428571428,0.9995356290076431,0.2352941176470588,0.2559364429172065,0.8662313351617257,0.1191451624705819,0.4504174617741795,0.1143506822361081
matrix_weighted_sum,Gun,0.9992930216344272,0.1637931034482758,0.2344006568144499,0.9995685433693045,0.266281512605042,0.648744969324227,0.7198292384104277,0.1955900267473464,0.527187981934657,0.1739239777788331
matrix_weighted_sum,Hand,0.9994605189055366,0.3216216216216216,0.4684684684684684,0.9996499794887592,0.3811605723370428,0.8671907309056971,0.8155582696399023,0.387775610486584,0.6186707196090366,0.4481485362604442
matrix_weighted_sum,Hat,0.9991988171377484,0.0733333333333333,0.1047619047619047,0.9995218684966376,0.1617647058823529,0.1323642161203468,0.7714580508224752,0.0872568180381429,0.3855998187885472,0.0809214453159203
matrix_weighted_sum,Helicopter,0.9994700582935876,0.3372549019607843,0.4757236227824463,0.9996580444841472,0.4371373072493681,1.4608679475528112,0.8805472452910783,0.4000785464796476,0.6477017640262184,0.3888307337152601
matrix_weighted_sum,House,0.9992543572447324,0.1260869565217391,0.1806418219461697,0.9995490882647824,0.2069964349376114,0.3074055895291269,0.5367480975231448,0.1505460152011749,0.4560915396558558,0.148163438069404
matrix_weighted_sum,HumanHead,0.9997795280687064,0.6725490196078431,0.8557422969187676,0.9998310443718714,0.7644453044375645,2.678907024611609,0.8960904244395705,0.7566430627278077,0.7680930238282971,0.7033047942648046
matrix_weighted_sum,Humanoid,0.999684718585912,0.5845070422535211,0.7181421864520456,0.99978561726716,0.6847792210143522,5.737510606912911,0.8110933373985479,0.6461653907090786,0.7544289606358047,0.6093623439585233
matrix_weighted_sum,Insect,0.999327101617178,0.1969230769230769,0.2816849816849817,0.999585637372326,0.2790032679738562,0.8015394961443093,0.7105566631009109,0.2351874443835421,0.5502851572608171,0.2218298252627555
matrix_weighted_sum,Jet,0.9995982125504196,0.4782608695652174,0.6318150448585231,0.999730797765598,0.5673732943469786,5.253167825000945,0.8445235467001504,0.5486335004450176,0.7431058723530268,0.5134551510532085
matrix_weighted_sum,Knife,0.9992134309882402,0.0875,0.125,0.9995291780609876,0.2245989304812834,0.231203519933436,0.8278265072103551,0.1041966500729489,0.4405727338611138,0.0924917077608157
matrix_weighted_sum,MilitaryVehicle,0.999468743552713,0.33,0.4809523809523809,0.9996543022009472,0.434640522875817,0.55779651281436,0.8744580122763483,0.3980009006115884,0.5843339463933124,0.3769399322369514
matrix_weighted_sum,Monitor,0.9992160099030328,0.09,0.1285714285714285,0.9995304679841082,0.2117647058823529,0.1135559962520064,0.4970310391363023,0.1071860321967382,0.361932698890839,0.1066359847074291
matrix_weighted_sum,Monoplane,0.9992959562616052,0.165,0.238095238095238,0.9995691667425676,0.2292387543252595,0.2011821174864227,0.8263625876104654,0.1978268429325298,0.4375001822807701,0.1616908748269432
matrix_weighted_sum,Motorcycle,0.9993473361793972,0.2153846153846153,0.3104395604395604,0.9995951633065688,0.3147759103641456,0.5196101284842034,0.8668478122209465,0.2582213661312675,0.5546726951895824,0.2949023589216145
matrix_weighted_sum,Mug,0.999394946914031,0.2615384615384615,0.3782051282051282,0.9996189770670943,0.4229876160990711,0.5142127950557651,0.8099738487051921,0.3141466862961669,0.5273837356141224,0.2780503805461323
matrix_weighted_sum,MultiSeat,0.9993535520253076,0.2222222222222222,0.3164021164021164,0.999598691412906,0.3261619462599854,0.6910603030323951,0.7232316900724758,0.2647707837053036,0.5400531863948912,0.2534629010001955
matrix_weighted_sum,Musical_Instrument,0.9992754477487302,0.1428571428571428,0.2074829931972789,0.9995577427994096,0.1973039215686274,0.2150385237355058,0.6283931280414524,0.1717613698830568,0.4272887032303398,0.1646113689024346
matrix_weighted_sum,NonWheelChair,0.9994859363179974,0.36,0.4884920634920635,0.9996697794592064,0.496328689370485,1.5667023983773132,0.8036656640675115,0.4186375158408343,0.63129881447583,0.3778088480851816
matrix_weighted_sum,PianoBoard,0.9993578502166288,0.225,0.3273809523809524,0.9996001244981458,0.4100678733031673,0.3547120441535269,0.6412030386139045,0.2710086317686121,0.4823173300235296,0.287043212458639
matrix_weighted_sum,PlantIndoors,0.9993472121931092,0.2109375,0.3054315476190476,0.9995928708851486,0.3069852941176471,0.8770768025928006,0.687256998769741,0.2534475215189004,0.5587332087341268,0.2600212653822513
matrix_weighted_sum,PlantWildNonTree,0.999192601291838,0.0653846153846153,0.0934065934065934,0.9995177682264996,0.1666666666666666,0.1497720678939529,0.6986611812731216,0.0777533480384178,0.4020043579596301,0.0803983902781824
matrix_weighted_sum,Quadruped,0.999563846691207,0.443859649122807,0.5818713450292398,0.9997130487277904,0.5498060053981106,1.687109729515157,0.813675042288628,0.5069632713203975,0.6490887812104961,0.4764354762513428
matrix_weighted_sum,RectangleTable,0.9994938333339162,0.3627118644067796,0.5060532687651332,0.9996711790099692,0.5083296476485331,1.7583574295413915,0.7372096434096416,0.4279867069723799,0.6371757836948438,0.3867169371500175
matrix_weighted_sum,Rocket,0.9992181816207528,0.0894736842105263,0.1290726817042606,0.9995301976823432,0.200735294117647,0.1375772421231667,0.7306544920935383,0.1070624511184663,0.3915255763016397,0.1134887602874871
matrix_weighted_sum,RoundTable,0.9992893657015794,0.1611111111111111,0.2301587301587301,0.9995671591306492,0.2966751918158568,0.4555595789437009,0.728046733542154,0.1922173459400784,0.4972349145688036,0.1858573035532762
matrix_weighted_sum,Shelf,0.9992599114292704,0.1325581395348837,0.1893687707641196,0.99955242667537,0.2394957983193277,0.3484049102014686,0.5932680903598998,0.1580750488156631,0.4701827133536493,0.1612983177289309
matrix_weighted_sum,Ship,0.9992887186620256,0.1564516129032258,0.2250384024577572,0.999564756947972,0.2933634992458521,0.6987667164418461,0.6679625667925508,0.1872662213517456,0.5258528893937103,0.1873540623924734
matrix_weighted_sum,Sign,0.9991690163445888,0.0444444444444444,0.0634920634920634,0.9995069627183552,0.1176470588235294,0.0519293660138295,0.4901422624765563,0.0527128468299109,0.2930899988155622,0.0823659166152109
matrix_weighted_sum,Skyscraper,0.9992134309882402,0.085,0.1214285714285714,0.9995278894689196,0.1666666666666666,0.1421229634533597,0.5441687344913151,0.1012088697278461,0.3892974207102783,0.1352055762304395
matrix_weighted_sum,Spoon,0.9992208962679032,0.0947368421052631,0.1353383458646616,0.999532912048968,0.2117647058823529,0.1623621511404153,0.8015467219792626,0.1128501246418127,0.411205848017028,0.1088753105249939
matrix_weighted_sum,Starship,0.999184730162322,0.0548387096774193,0.0791090629800307,0.99951232832993,0.1544117647058823,0.1536789875366429,0.6782918101773054,0.0654538693961999,0.4019455869208574,0.0599009416865623
matrix_weighted_sum,SubmachineGun,0.9992624303693006,0.135,0.1928571428571428,0.9995536866002784,0.226890756302521,0.2502400088679021,0.8504712463540987,0.1609949104249456,0.4530755405428953,0.1412850119240864
matrix_weighted_sum,Sword,0.9995400935286431,0.40625,0.5714285714285714,0.9996936434806696,0.5842131724484665,1.490649052399972,0.8587107555120329,0.4814816934127711,0.6558051546185448,0.441045130099778
matrix_weighted_sum,Tool,0.9994986109844975,0.3976744186046512,0.4717607973421927,0.9996892176557292,0.5767543859649122,0.8770158784929702,0.7301118748222696,0.4317015395465015,0.5639306187487816,0.4316044504278904
matrix_weighted_sum,Train,0.9991936593081632,0.0633333333333333,0.0912698412698412,0.9995167113775236,0.1495098039215686,0.1557034490896161,0.661673731240692,0.0756217415148339,0.4039995344967567,0.089699021793279
matrix_weighted_sum,Tree,0.9994393663494228,0.308695652173913,0.4347826086956521,0.9996433079838408,0.5030699148346206,0.8151132399044504,0.7223472363595237,0.3660054806944112,0.5608218989321943,0.3326469186295856
matrix_weighted_sum,Truck,0.999260711092772,0.1296296296296296,0.1851851851851851,0.9995509176262456,0.2287581699346405,0.2321740790516858,0.6886616540287216,0.1545756477570819,0.4422033058720416,0.1713228274060433
matrix_weighted_sum,TruckNonContainer,0.9992082731586548,0.07,0.1059523809523809,0.9995201545888804,0.129524886877828,0.1878253600829624,0.8641232423490489,0.0856733472084212,0.4207894678975163,0.0627848157867204
matrix_weighted_sum,Vase,0.9991666033249,0.0421052631578947,0.0601503759398496,0.9995057557727456,0.134453781512605,0.1185247662720913,0.6644582725934306,0.0499157641409853,0.3764746083188017,0.0703683836962122
matrix_weighted_sum,Violin,0.9992933773468125,0.155,0.2238095238095238,0.9995640110432432,0.2816742081447964,0.277133793108701,0.8436931348221671,0.185874119773432,0.4707145208330086,0.1886622423382757
matrix_weighted_sum,Wheel,0.999238461631816,0.1117647058823529,0.1596638655462184,0.9995416979030404,0.2032085561497326,0.1686439315206217,0.7312668561848532,0.1332112412744333,0.4132767620090279,0.1553671271878787
matrix_weighted_sum,WheelChair,0.999440375489994,0.3,0.4404761904761905,0.9996388241883424,0.3753869969040247,0.6127316392307356,0.9295666274868312,0.3630876621482292,0.5954440121403897,0.3315670853153265
matrix_weighted_sum,__overall_by_query__,0.99939402906968,0.2682526661197703,0.3624165006445564,0.9996224415158808,0.4044811399608155,1.3121010081985816,0.7476109697179747,0.310969329672683,0.5538672336268624,0.302176617546245
matrix_weighted_sum,__macro_by_class__,0.9993444858878384,0.2165900256235246,0.2983968995278869,0.9995957854556328,0.322794813294861,0.7151872715809803,0.7375504738067976,0.253554178722678,0.5083641225887786,0.2504152857866023
